timestamp,instrument,side,price,volume,trade_id,order_id
2026-08-07 20:48:01.427162,ASML,ask,48.800000000000004,22,6822112,36277096
2026-08-07 20:48:01.432506,SAP,ask,47.300000000000004,3,6822113,36277097
2026-08-07 20:48:01.437847,AAPL,ask,123.9,3,6822114,36277098
2026-08-07 20:48:01.443319,OB5X_ETF,bid,34.800000000000004,96,6822115,36277099
2026-08-07 20:48:02.956422,ASML_202612_050C,bid,30.1,15,6822136,36277193
2026-08-07 20:48:06.747115,ASML_202612_075C,bid,26.6,6,6822191,36277211
2026-08-07 20:48:07.148477,ASML,ask,48.900000000000006,17,6822196,36277519
2026-08-07 20:48:07.891015,ASML_202612_050C,bid,30.0,15,6822211,36277567
2026-08-07 20:48:14.098161,ASML_202612_075P,ask,52.6,41,6822288,36277600
2026-08-07 20:48:15.363499,ASML,ask,48.7,23,6822309,36278185
2026-08-07 20:48:17.396781,ASML_202612_075C,bid,26.700000000000003,16,6822339,36278241
2026-08-07 20:48:24.193961,ASML_202612_100P,ask,74.5,39,6822443,36278334
2026-08-07 20:48:24.237694,ASML,ask,48.7,24,6822447,36278858
2026-08-07 20:48:26.247224,ASML,bid,48.900000000000006,4,6822471,36278973
2026-08-07 20:48:36.839705,ASML_202612_075P,bid,52.300000000000004,45,6822600,36278894
2026-08-07 20:48:39.822619,ASML_202612_050P,bid,31.5,40,6822641,36279948
2026-08-07 20:48:39.875100,ASML,bid,48.6,16,6822642,36279956
2026-08-07 20:48:42.118998,ASML_202612_050P,ask,31.700000000000003,40,6822667,36279963
2026-08-07 20:48:44.150270,ASML_202612_075P,ask,52.7,45,6822698,36279965
2026-08-07 20:48:45.192072,ASML,ask,48.400000000000006,20,6822716,36280365
2026-08-07 20:48:47.186498,ASML,bid,48.7,5,6822747,36280505
2026-08-07 20:48:52.483042,ASML_202612_075P,bid,52.400000000000006,45,6822808,36280372
2026-08-07 20:49:03.212226,NVDA,bid,38.0,41,6822950,36281639
2026-08-07 20:49:03.219332,TSLA,bid,11.700000000000001,97,6822951,36281640
2026-08-07 20:49:03.225794,ASML,bid,48.5,39,6822952,36281641
2026-08-07 20:49:03.240840,SAP,bid,47.6,5,6822953,36281644
2026-08-07 20:49:03.247232,AAPL,bid,124.30000000000001,6,6822954,36281645
2026-08-07 20:49:03.253698,OB5X_202706_F,ask,131.3,42,6822955,36281646
2026-08-07 20:49:03.284905,OB5X_202706_F,ask,131.3,12,6822957,36281648
2026-08-07 20:49:03.768970,NVDA,ask,37.800000000000004,55,6822964,36281685
2026-08-07 20:49:03.776196,TSLA,ask,11.9,130,6822965,36281686
2026-08-07 20:49:03.781709,ASML,ask,48.2,53,6822966,36281687
2026-08-07 20:49:03.786925,SAP,ask,47.400000000000006,7,6822967,36281688
2026-08-07 20:49:03.792086,AAPL,ask,124.10000000000001,7,6822968,36281689
2026-08-07 20:49:03.797140,OB5X_202703_F,bid,130.20000000000002,57,6822969,36281690
2026-08-07 20:49:11.075627,NVDA,bid,37.800000000000004,42,6823068,36282174
2026-08-07 20:49:11.081512,TSLA,bid,11.8,99,6823069,36282175
2026-08-07 20:49:11.087011,ASML,bid,48.300000000000004,40,6823070,36282176
2026-08-07 20:49:11.093217,SAP,bid,47.6,5,6823071,36282178
2026-08-07 20:49:11.101755,AAPL,bid,124.2,6,6823073,36282182
2026-08-07 20:49:11.107252,OB5X_202706_F,ask,131.3,43,6823074,36282183
2026-08-07 20:49:11.140540,NVDA,bid,37.800000000000004,10,6823075,36282184
2026-08-07 20:49:11.148134,TSLA,bid,11.8,25,6823076,36282186
2026-08-07 20:49:11.156932,ASML,bid,48.300000000000004,10,6823078,36282188
2026-08-07 20:49:11.184833,SAP,bid,47.6,1,6823079,36282189
2026-08-07 20:49:11.192066,AAPL,bid,124.2,1,6823080,36282190
2026-08-07 20:49:11.210572,OB5X_202612_F,ask,129.4,11,6823081,36282192
2026-08-07 20:49:11.215925,ASML_202612_100P,bid,74.60000000000001,39,6823082,36282156
2026-08-07 20:49:12.171631,ASML,bid,48.400000000000006,20,6823100,36282266
2026-08-07 20:49:13.693055,ASML_202612_075P,ask,52.800000000000004,45,6823121,36282353
2026-08-07 20:49:14.987344,ASML_202612_100P,ask,74.7,39,6823149,36282339
2026-08-07 20:49:15.314133,ASML,ask,48.300000000000004,25,6823153,36282522
2026-08-07 20:49:15.409146,OB5X_ETF,ask,34.7,119,6823168,36282543
2026-08-07 20:49:15.399376,OB5X_202706_F,bid,131.0,39,6823166,36282541
2026-08-07 20:49:16.234935,NVDA,ask,37.800000000000004,47,6823183,36282612
2026-08-07 20:49:16.242683,TSLA,ask,11.8,110,6823184,36282613
2026-08-07 20:49:16.251585,ASML,ask,48.300000000000004,44,6823186,36282615
2026-08-07 20:49:16.257651,SAP,ask,47.6,6,6823187,36282617
2026-08-07 20:49:16.262870,AAPL,ask,124.10000000000001,6,6823188,36282618
2026-08-07 20:49:16.268137,OB5X_202612_F,bid,129.1,49,6823189,36282619
2026-08-07 20:49:16.338399,NVDA,ask,37.800000000000004,1,6823193,36282626
2026-08-07 20:49:16.343894,TSLA,ask,11.9,2,6823194,36282627
2026-08-07 20:49:16.349059,ASML,ask,48.300000000000004,1,6823195,36282628
2026-08-07 20:49:16.354209,OB5X_202703_F,bid,130.20000000000002,1,6823196,36282629
2026-08-07 20:49:17.231310,ASML,bid,48.2,5,6823205,36282676
2026-08-07 20:49:17.558817,NVDA,ask,37.9,5,6823215,36282703
2026-08-07 20:49:17.566785,TSLA,ask,11.9,11,6823216,36282704
2026-08-07 20:49:17.573986,ASML,ask,48.1,5,6823217,36282705
2026-08-07 20:49:17.593118,SAP,ask,47.2,1,6823220,36282711
2026-08-07 20:49:17.602831,AAPL,ask,124.2,1,6823221,36282713
2026-08-07 20:49:17.608785,OB5X_202612_F,bid,129.1,5,6823222,36282715
2026-08-07 20:49:17.941773,OB5X_ETF,bid,34.6,120,6823232,36282753
2026-08-07 20:49:17.948356,OB5X_202612_F,ask,129.5,30,6823233,36282754
2026-08-07 20:49:23.054519,ASML_202612_100C,ask,23.900000000000002,17,6823306,36282782
2026-08-07 20:49:25.039634,ASML_202612_075P,bid,52.400000000000006,6,6823334,36282610
2026-08-07 20:49:50.461809,ASML_202612_075P,bid,52.400000000000006,39,6823681,36282610
2026-08-07 20:49:50.539641,ASML,bid,48.5,20,6823684,36284980
2026-08-07 20:49:51.526536,ASML_202612_050C,bid,29.5,15,6823711,36285092
2026-08-07 20:49:51.594148,ASML_202612_050P,ask,31.700000000000003,43,6823715,36284989
2026-08-07 20:49:52.625480,ASML,ask,48.300000000000004,20,6823725,36285173
2026-08-07 20:50:08.913567,NVDA,bid,38.0,38,6823974,36286332
2026-08-07 20:50:08.918633,TSLA,bid,11.5,90,6823975,36286333
2026-08-07 20:50:08.923666,ASML,bid,48.400000000000006,36,6823976,36286334
2026-08-07 20:50:08.928733,SAP,bid,47.400000000000006,5,6823977,36286335
2026-08-07 20:50:08.933962,AAPL,bid,124.0,5,6823978,36286336
2026-08-07 20:50:08.939230,OB5X_202706_F,ask,131.3,39,6823979,36286337
2026-08-07 20:50:09.112885,ASML_202612_050C,bid,29.6,15,6823981,36286343
2026-08-07 20:50:09.703460,ASML_202612_100P,ask,74.7,39,6823990,36286354
2026-08-07 20:50:09.929671,ASML,ask,48.400000000000006,16,6823999,36286435
2026-08-07 20:50:31.095607,ASML_202612_075C,ask,26.900000000000002,16,6824308,36286439
2026-08-07 20:50:31.139534,ASML,bid,48.7,2,6824312,36287920
2026-08-07 20:50:33.114220,ASML,bid,48.7,4,6824331,36288062
2026-08-07 20:50:35.122614,ASML,bid,48.6,1,6824359,36288201
2026-08-07 20:50:41.855853,ASML_202612_075C,ask,26.900000000000002,16,6824451,36288249
2026-08-07 20:50:54.496207,ASML_202612_050P,bid,31.400000000000002,45,6824632,36287915
2026-08-07 20:50:54.580315,ASML,bid,48.800000000000004,17,6824634,36289570
2026-08-07 20:50:59.104274,ASML_202612_075C,bid,26.700000000000003,16,6824702,36289573
2026-08-07 20:50:59.711499,ASML,ask,48.300000000000004,13,6824706,36289958
2026-08-07 20:51:01.729693,ASML,bid,48.5,5,6824737,36290093
2026-08-07 20:51:02.922371,NVDA,ask,37.9,37,6824763,36290204
2026-08-07 20:51:02.927449,TSLA,ask,12.0,88,6824764,36290205
2026-08-07 20:51:02.932552,ASML,ask,48.5,35,6824765,36290206
2026-08-07 20:51:02.939692,SAP,ask,47.2,5,6824767,36290208
2026-08-07 20:51:02.944612,AAPL,ask,123.9,5,6824768,36290209
2026-08-07 20:51:02.951256,OB5X_202706_F,bid,131.6,38,6824769,36290211
2026-08-07 20:51:03.001333,NVDA,ask,37.9,1,6824770,36290214
2026-08-07 20:51:03.007788,TSLA,ask,12.0,2,6824771,36290216
2026-08-07 20:51:03.017172,ASML,ask,48.5,1,6824772,36290218
2026-08-07 20:51:03.062235,OB5X_202703_F,bid,130.70000000000002,1,6824775,36290230
2026-08-07 20:51:05.648577,OB5X_ETF,ask,34.800000000000004,192,6824825,36290421
2026-08-07 20:51:05.641786,OB5X_202706_F,bid,131.70000000000002,47,6824824,36290420
2026-08-07 20:51:08.819208,OB5X_ETF,bid,34.7,192,6824867,36290626
2026-08-07 20:51:08.824749,OB5X_202612_F,ask,129.70000000000002,48,6824868,36290627
2026-08-07 20:51:14.936707,OB5X_ETF,ask,34.800000000000004,192,6824959,36291057
2026-08-07 20:51:14.928844,OB5X_202612_F,bid,129.9,48,6824957,36291055
2026-08-07 20:51:22.692154,NVDA,bid,38.0,52,6825072,36291608
2026-08-07 20:51:22.699475,TSLA,bid,11.8,123,6825073,36291609
2026-08-07 20:51:22.706629,ASML,bid,48.5,50,6825074,36291610
2026-08-07 20:51:22.712547,SAP,bid,47.400000000000006,7,6825075,36291611
2026-08-07 20:51:22.718529,AAPL,bid,124.2,7,6825076,36291612
2026-08-07 20:51:22.724741,OB5X_202612_F,ask,129.6,55,6825077,36291613
2026-08-07 20:51:24.134172,ASML_202612_075C,bid,26.5,16,6825104,36291618
2026-08-07 20:51:24.250957,ASML,ask,48.300000000000004,16,6825107,36291748
2026-08-07 20:51:25.198129,OB5X_ETF,bid,34.6,192,6825119,36291798
2026-08-07 20:51:25.203570,OB5X_202706_F,ask,131.3,47,6825120,36291799
2026-08-07 20:51:25.306736,NVDA,bid,38.0,3,6825122,36291813
2026-08-07 20:51:25.313039,TSLA,bid,11.700000000000001,7,6825123,36291814
2026-08-07 20:51:25.318652,ASML,bid,48.5,3,6825124,36291815
2026-08-07 20:51:25.324623,OB5X_202706_F,ask,131.3,3,6825125,36291817
2026-08-07 20:51:26.179302,ASML,bid,48.6,5,6825133,36291880
2026-08-07 20:51:35.799397,ASML_202612_100C,ask,24.0,17,6825261,36291943
2026-08-07 20:51:42.076986,ASML_202612_075P,bid,52.400000000000006,45,6825357,36293037
2026-08-07 20:51:42.120533,ASML,bid,48.7,18,6825359,36293045
2026-08-07 20:51:43.406910,ASML_202612_100C,bid,23.900000000000002,17,6825372,36293056
2026-08-07 20:51:46.817745,ASML_202612_100C,ask,24.0,17,6825428,36293204
2026-08-07 20:51:49.184794,ASML_202612_075P,ask,52.7,3,6825465,36293481
2026-08-07 20:51:49.352776,ASML_202612_050C,bid,29.700000000000003,10,6825471,36293596
2026-08-07 20:51:52.805976,ASML_202612_075P,ask,52.7,42,6825520,36293481
2026-08-07 20:51:53.673972,ASML_202612_075C,ask,26.700000000000003,16,6825533,36293883
2026-08-07 20:51:55.943278,ASML_202612_100C,bid,23.8,17,6825576,36293986
2026-08-07 20:51:56.948553,ASML,ask,48.5,21,6825589,36294199
2026-08-07 20:51:58.625565,NVDA,ask,38.0,40,6825613,36294326
2026-08-07 20:51:58.630510,TSLA,ask,12.0,94,6825614,36294327
2026-08-07 20:51:58.635533,ASML,ask,48.5,38,6825615,36294328
2026-08-07 20:51:58.640922,SAP,ask,47.2,5,6825616,36294329
2026-08-07 20:51:58.648467,AAPL,ask,123.9,5,6825618,36294331
2026-08-07 20:51:58.653858,OB5X_202612_F,bid,129.70000000000002,42,6825619,36294332
2026-08-07 20:51:58.683856,NVDA,ask,38.0,1,6825620,36294334
2026-08-07 20:51:58.690445,TSLA,ask,12.0,2,6825621,36294335
2026-08-07 20:51:58.698534,ASML,ask,48.5,1,6825622,36294336
2026-08-07 20:51:58.744764,OB5X_202703_F,bid,130.70000000000002,1,6825626,36294349
2026-08-07 20:51:58.912691,ASML,bid,48.6,5,6825630,36294361
2026-08-07 20:52:00.929701,ASML,bid,48.7,1,6825664,36294506
2026-08-07 20:52:13.210758,NVDA,bid,38.0,34,6825840,36295393
2026-08-07 20:52:13.219479,TSLA,bid,11.8,81,6825841,36295394
2026-08-07 20:52:13.253699,ASML,bid,48.7,33,6825843,36295405
2026-08-07 20:52:13.258943,SAP,bid,47.400000000000006,4,6825844,36295406
2026-08-07 20:52:13.266644,AAPL,bid,124.10000000000001,5,6825846,36295408
2026-08-07 20:52:13.271739,OB5X_202706_F,ask,131.8,35,6825847,36295409
2026-08-07 20:52:18.030100,NVDA,bid,38.0,1,6825914,36295754
2026-08-07 20:52:18.038033,TSLA,bid,11.8,2,6825916,36295756
2026-08-07 20:52:18.045903,ASML,bid,48.6,1,6825917,36295759
2026-08-07 20:52:18.051075,OB5X_202706_F,ask,131.6,1,6825918,36295760
2026-08-07 20:52:25.811866,NVDA,bid,38.0,5,6826026,36296305
2026-08-07 20:52:25.817120,TSLA,bid,11.8,11,6826027,36296306
2026-08-07 20:52:25.822294,ASML,bid,48.6,5,6826028,36296307
2026-08-07 20:52:25.827397,SAP,bid,47.300000000000004,1,6826029,36296308
2026-08-07 20:52:25.832777,AAPL,bid,124.0,1,6826030,36296309
2026-08-07 20:52:25.838427,OB5X_202612_F,ask,129.70000000000002,5,6826031,36296310
2026-08-07 20:52:29.030769,NVDA,ask,38.0,8,6826095,36296580
2026-08-07 20:52:29.036806,TSLA,ask,11.8,18,6826096,36296581
2026-08-07 20:52:29.042077,ASML,ask,48.7,7,6826097,36296582
2026-08-07 20:52:29.047215,SAP,ask,47.1,1,6826098,36296583
2026-08-07 20:52:29.052550,AAPL,ask,124.0,1,6826099,36296584
2026-08-07 20:52:29.057525,OB5X_202612_F,bid,129.6,8,6826100,36296585
2026-08-07 20:52:33.887715,NVDA,ask,38.2,39,6826169,36296945
2026-08-07 20:52:33.893704,TSLA,ask,11.8,92,6826170,36296946
2026-08-07 20:52:33.898750,ASML,ask,48.5,37,6826171,36296947
2026-08-07 20:52:33.910603,SAP,ask,47.2,5,6826174,36296950
2026-08-07 20:52:33.916025,AAPL,ask,123.80000000000001,5,6826175,36296951
2026-08-07 20:52:33.921055,OB5X_202706_F,bid,131.4,40,6826176,36296952
2026-08-07 20:52:33.950864,NVDA,ask,38.2,1,6826177,36296955
2026-08-07 20:52:33.956453,TSLA,ask,11.8,2,6826178,36296956
2026-08-07 20:52:33.961662,ASML,ask,48.5,1,6826179,36296958
2026-08-07 20:52:33.967133,OB5X_202703_F,bid,130.5,1,6826180,36296959
2026-08-07 20:52:34.457855,OB5X_ETF,ask,34.7,192,6826185,36296989
2026-08-07 20:52:34.452594,OB5X_202706_F,bid,131.4,47,6826184,36296987
2026-08-07 20:52:36.683551,NVDA,bid,38.2,48,6826220,36297146
2026-08-07 20:52:36.689230,TSLA,bid,11.8,112,6826221,36297147
2026-08-07 20:52:36.694789,ASML,bid,48.5,45,6826222,36297148
2026-08-07 20:52:36.703101,SAP,bid,47.300000000000004,6,6826223,36297149
2026-08-07 20:52:36.709116,AAPL,bid,124.0,6,6826224,36297150
2026-08-07 20:52:36.715192,OB5X_202612_F,ask,129.70000000000002,50,6826225,36297151
2026-08-07 20:52:37.574119,OB5X_ETF,bid,34.6,192,6826238,36297211
2026-08-07 20:52:37.579281,OB5X_202703_F,ask,130.70000000000002,47,6826239,36297212
2026-08-07 20:52:50.760732,NVDA,ask,37.9,47,6826448,36298176
2026-08-07 20:52:50.766346,TSLA,ask,12.0,110,6826449,36298177
2026-08-07 20:52:50.771502,ASML,ask,48.5,44,6826450,36298178
2026-08-07 20:52:50.779444,SAP,ask,47.2,6,6826451,36298179
2026-08-07 20:52:50.823701,AAPL,ask,123.9,6,6826453,36298194
2026-08-07 20:52:50.829307,OB5X_202612_F,bid,129.6,49,6826454,36298195
2026-08-07 20:53:18.477710,NVDA,bid,37.9,47,6826856,36300206
2026-08-07 20:53:18.484569,TSLA,bid,11.8,110,6826857,36300207
2026-08-07 20:53:18.490019,ASML,bid,48.6,44,6826858,36300208
2026-08-07 20:53:18.495800,SAP,bid,47.5,6,6826859,36300210
2026-08-07 20:53:18.501210,AAPL,bid,123.7,6,6826860,36300211
2026-08-07 20:53:18.506832,OB5X_202612_F,ask,129.70000000000002,49,6826861,36300212
2026-08-07 20:53:22.407831,ASML_202612_100C,ask,24.1,17,6826911,36300506
2026-08-07 20:53:27.994540,ASML_202612_100P,bid,74.5,39,6826982,36300520
2026-08-07 20:53:28.034291,ASML,bid,48.6,19,6826984,36300931
2026-08-07 20:53:33.509925,ASML_202612_075C,bid,26.5,16,6827068,36300978
2026-08-07 20:53:36.733417,ASML_202612_075P,ask,52.7,40,6827104,36300991
2026-08-07 20:53:36.873755,ASML,ask,48.400000000000006,23,6827108,36301575
2026-08-07 20:53:38.758799,ASML,bid,48.300000000000004,5,6827137,36301711
2026-08-07 20:53:40.769845,ASML,bid,48.300000000000004,1,6827172,36301864
2026-08-07 20:53:47.882238,ASML_202612_075P,bid,52.400000000000006,43,6827264,36301637
2026-08-07 20:53:47.922364,ASML,bid,48.300000000000004,1,6827265,36302357
2026-08-07 20:53:49.914249,ASML,bid,48.300000000000004,2,6827309,36302491
2026-08-07 20:53:51.956291,ASML,bid,48.300000000000004,4,6827335,36302672
2026-08-07 20:53:53.723390,ASML_202612_075C,bid,26.3,16,6827361,36302675
2026-08-07 20:53:53.792491,ASML_202612_100P,ask,74.8,39,6827363,36302678
2026-08-07 20:53:54.825122,ASML,ask,48.1,17,6827382,36302871
2026-08-07 20:54:06.047964,OB5X_ETF,ask,34.6,192,6827557,36303716
2026-08-07 20:54:06.042466,OB5X_202612_F,bid,129.1,48,6827556,36303715
2026-08-07 20:54:08.274725,OB5X_ETF,bid,34.800000000000004,192,6827602,36303867
2026-08-07 20:54:08.286398,OB5X_202706_F,ask,133.20000000000002,47,6827604,36303869
2026-08-07 20:54:11.743108,ASML_202612_100C,ask,23.900000000000002,4,6827667,36302946
2026-08-07 20:54:12.414336,OB5X_ETF,ask,34.7,8,6827680,36304197
2026-08-07 20:54:12.408256,OB5X_202612_F,bid,129.20000000000002,2,6827679,36304195
2026-08-07 20:54:12.445917,OB5X_ETF,ask,34.7,184,6827682,36304201
2026-08-07 20:54:12.440131,OB5X_202703_F,bid,130.3,45,6827681,36304200
2026-08-07 20:54:15.774417,OB5X_ETF,bid,34.6,192,6827733,36304461
2026-08-07 20:54:15.780560,OB5X_202612_F,ask,129.20000000000002,48,6827734,36304462
2026-08-07 20:54:27.001021,NVDA,ask,38.0,38,6827905,36305235
2026-08-07 20:54:27.011780,TSLA,ask,11.700000000000001,90,6827907,36305237
2026-08-07 20:54:27.017919,ASML,ask,48.2,36,6827908,36305238
2026-08-07 20:54:27.025112,SAP,ask,47.300000000000004,5,6827909,36305240
2026-08-07 20:54:27.082361,AAPL,ask,123.60000000000001,5,6827910,36305253
2026-08-07 20:54:27.091709,OB5X_202612_F,bid,128.8,40,6827911,36305256
2026-08-07 20:54:34.246485,ASML_202612_075C,ask,26.700000000000003,16,6828012,36304900
2026-08-07 20:54:40.309479,NVDA,ask,37.9,1,6828081,36306164
2026-08-07 20:54:40.315707,TSLA,ask,11.8,2,6828082,36306165
2026-08-07 20:54:40.321880,ASML,ask,48.6,1,6828083,36306166
2026-08-07 20:54:40.331207,OB5X_202703_F,bid,130.3,1,6828084,36306167
2026-08-07 20:54:41.309185,NVDA,bid,38.0,39,6828097,36306236
2026-08-07 20:54:41.315485,TSLA,bid,11.5,92,6828098,36306237
2026-08-07 20:54:41.321251,ASML,bid,48.7,37,6828099,36306238
2026-08-07 20:54:41.329533,SAP,bid,47.5,5,6828100,36306240
2026-08-07 20:54:41.335887,AAPL,bid,123.9,5,6828101,36306241
2026-08-07 20:54:41.343962,OB5X_202703_F,ask,130.4,40,6828102,36306244
2026-08-07 20:54:52.169061,ASML_202612_100P,bid,74.60000000000001,39,6828245,36306640
2026-08-07 20:54:52.233472,ASML,bid,48.2,19,6828251,36307021
2026-08-07 20:54:52.284323,ASML_202612_050C,bid,29.6,15,6828252,36307024
2026-08-07 20:54:53.523049,ASML_202612_075P,ask,52.5,45,6828271,36307093
2026-08-07 20:54:54.201488,ASML,ask,48.300000000000004,19,6828279,36307164
2026-08-07 20:54:57.870336,ASML_202612_100C,ask,23.900000000000002,13,6828337,36307094
2026-08-07 20:54:57.949377,ASML,bid,48.400000000000006,2,6828340,36307445
2026-08-07 20:54:59.885438,ASML,bid,48.6,4,6828371,36307578
2026-08-07 20:55:01.673131,NVDA,ask,38.0,45,6828397,36307701
2026-08-07 20:55:01.678364,TSLA,ask,11.700000000000001,106,6828398,36307702
2026-08-07 20:55:01.683676,ASML,ask,48.1,43,6828399,36307703
2026-08-07 20:55:01.688729,SAP,ask,47.300000000000004,6,6828400,36307704
2026-08-07 20:55:01.694044,AAPL,ask,123.60000000000001,6,6828401,36307705
2026-08-07 20:55:01.699192,OB5X_202706_F,bid,130.6,46,6828402,36307706
2026-08-07 20:55:01.892180,ASML,bid,48.5,3,6828407,36307716
2026-08-07 20:55:10.491004,ASML_202612_075P,bid,52.400000000000006,45,6828540,36307431
2026-08-07 20:55:10.530379,ASML,bid,48.5,1,6828543,36308372
2026-08-07 20:55:12.525818,ASML,bid,48.300000000000004,2,6828572,36308504
2026-08-07 20:55:14.534762,ASML,bid,48.300000000000004,4,6828613,36308651
2026-08-07 20:55:15.694330,NVDA,ask,37.6,10,6828633,36308745
2026-08-07 20:55:15.700066,TSLA,ask,11.700000000000001,25,6828634,36308746
2026-08-07 20:55:15.705477,ASML,ask,48.2,10,6828635,36308747
2026-08-07 20:55:15.710560,SAP,ask,47.0,1,6828636,36308748
2026-08-07 20:55:15.717657,AAPL,ask,123.80000000000001,1,6828637,36308749
2026-08-07 20:55:15.724605,OB5X_202703_F,bid,129.4,11,6828638,36308752
2026-08-07 20:55:31.576180,NVDA,bid,37.9,56,6828881,36309868
2026-08-07 20:55:31.582882,TSLA,bid,11.700000000000001,132,6828882,36309869
2026-08-07 20:55:31.588515,ASML,bid,48.1,54,6828883,36309870
2026-08-07 20:55:31.595295,SAP,bid,47.300000000000004,7,6828884,36309872
2026-08-07 20:55:31.600793,AAPL,bid,123.7,8,6828885,36309873
2026-08-07 20:55:31.607359,OB5X_202703_F,ask,129.8,58,6828886,36309874
2026-08-07 20:55:31.638629,OB5X_202612_F,ask,128.8,12,6828887,36309877
2026-08-07 20:55:33.739905,ASML_202612_100C,bid,23.6,17,6828933,36309903
2026-08-07 20:55:33.975512,NVDA,ask,37.9,56,6828938,36310083
2026-08-07 20:55:33.980701,TSLA,ask,11.600000000000001,132,6828939,36310084
2026-08-07 20:55:33.985965,ASML,ask,48.2,54,6828940,36310085
2026-08-07 20:55:33.991081,SAP,ask,47.2,7,6828941,36310086
2026-08-07 20:55:33.998271,AAPL,ask,123.4,8,6828942,36310087
2026-08-07 20:55:34.003632,OB5X_202612_F,bid,128.4,59,6828943,36310088
2026-08-07 20:55:39.583103,ASML_202612_100C,ask,23.8,17,6829023,36310139
2026-08-07 20:56:24.193336,ASML_202612_050P,bid,31.400000000000002,40,6829693,36310929
2026-08-07 20:56:34.532843,ASML_202612_100P,bid,74.60000000000001,39,6829869,36313777
2026-08-07 20:56:34.572152,ASML,bid,48.400000000000006,19,6829871,36314469
2026-08-07 20:56:35.969042,NVDA,ask,37.800000000000004,19,6829895,36314581
2026-08-07 20:56:36.012869,ASML,ask,48.2,18,6829897,36314595
2026-08-07 20:56:36.018352,SAP,ask,47.1,2,6829898,36314596
2026-08-07 20:56:36.023752,AAPL,ask,123.80000000000001,3,6829899,36314597
2026-08-07 20:56:36.029375,OB5X_202612_F,bid,128.5,20,6829900,36314598
2026-08-07 20:56:36.615708,NVDA,ask,37.800000000000004,1,6829909,36314636
2026-08-07 20:56:36.620890,TSLA,ask,11.700000000000001,2,6829910,36314637
2026-08-07 20:56:36.625907,ASML,ask,48.2,1,6829911,36314638
2026-08-07 20:56:36.630830,OB5X_202612_F,bid,128.5,1,6829912,36314639
2026-08-07 20:56:48.922090,NVDA,bid,37.800000000000004,52,6830072,36315498
2026-08-07 20:56:48.927404,TSLA,bid,11.700000000000001,123,6830073,36315499
2026-08-07 20:56:48.933126,ASML,bid,48.2,50,6830074,36315500
2026-08-07 20:56:48.938343,SAP,bid,47.2,7,6830075,36315501
2026-08-07 20:56:48.944132,AAPL,bid,124.2,7,6830076,36315502
2026-08-07 20:56:48.949784,OB5X_202612_F,ask,129.1,55,6830077,36315503
2026-08-07 20:56:49.332633,NVDA,ask,37.800000000000004,52,6830085,36315532
2026-08-07 20:56:49.337796,TSLA,ask,11.700000000000001,123,6830086,36315533
2026-08-07 20:56:49.343166,ASML,ask,48.2,50,6830087,36315534
2026-08-07 20:56:49.348273,SAP,ask,47.1,7,6830088,36315535
2026-08-07 20:56:49.353980,AAPL,ask,124.0,7,6830089,36315536
2026-08-07 20:56:49.359054,OB5X_202612_F,bid,128.6,55,6830090,36315537
2026-08-07 20:57:12.919984,NVDA,bid,38.1,43,6830453,36317209
2026-08-07 20:57:12.929353,TSLA,bid,11.9,101,6830454,36317210
2026-08-07 20:57:12.982534,SAP,bid,47.2,6,6830457,36317225
2026-08-07 20:57:12.988540,AAPL,bid,123.7,6,6830458,36317226
2026-08-07 20:57:12.994581,OB5X_202706_F,ask,131.70000000000002,44,6830459,36317227
2026-08-07 20:57:13.336288,ASML_202612_075P,bid,52.400000000000006,45,6830464,36314506
2026-08-07 20:57:13.380123,ASML,bid,48.7,11,6830467,36317248
2026-08-07 20:57:15.056952,NVDA,ask,37.9,11,6830498,36317388
2026-08-07 20:57:15.062423,TSLA,ask,11.8,27,6830499,36317389
2026-08-07 20:57:15.067866,ASML,ask,48.400000000000006,11,6830500,36317390
2026-08-07 20:57:15.072867,SAP,ask,47.1,1,6830501,36317391
2026-08-07 20:57:15.077844,AAPL,ask,123.80000000000001,2,6830502,36317392
2026-08-07 20:57:15.085776,OB5X_202703_F,bid,130.1,12,6830504,36317394
2026-08-07 20:57:22.651998,NVDA,bid,38.1,26,6830614,36317954
2026-08-07 20:57:22.664675,TSLA,bid,11.9,61,6830617,36317956
2026-08-07 20:57:22.672526,SAP,bid,47.2,3,6830618,36317960
2026-08-07 20:57:22.677720,AAPL,bid,123.7,3,6830619,36317961
2026-08-07 20:57:22.683140,OB5X_202612_F,ask,130.0,27,6830620,36317962
2026-08-07 20:57:23.021835,OB5X_202706_F,bid,132.4,20,6830628,36317989
2026-08-07 20:58:10.217884,OB5X_ETF,ask,34.7,192,6831330,36321458
2026-08-07 20:58:10.210535,OB5X_202703_F,bid,130.3,47,6831329,36321457
2026-08-07 20:58:13.387746,OB5X_ETF,bid,34.6,192,6831378,36321692
2026-08-07 20:58:13.393646,OB5X_202612_F,ask,129.4,48,6831379,36321694
2026-08-07 21:00:10.979150,ASML_202612_075C,ask,26.8,4,6833116,36329307
2026-08-07 21:00:38.969589,OB5X_ETF,ask,34.7,192,6833541,36332209
2026-08-07 21:00:38.963997,OB5X_202612_F,bid,129.4,48,6833540,36332208
2026-08-07 21:00:42.194620,OB5X_ETF,bid,34.6,192,6833585,36332447
2026-08-07 21:00:42.200699,OB5X_202612_F,ask,129.20000000000002,48,6833586,36332449
2026-08-07 21:00:45.367318,OB5X_ETF,ask,34.7,192,6833626,36332665
2026-08-07 21:00:45.362176,OB5X_202612_F,bid,129.5,48,6833625,36332664
2026-08-07 21:00:48.555076,OB5X_ETF,bid,34.6,192,6833669,36332917
2026-08-07 21:00:48.561096,OB5X_202612_F,ask,129.4,48,6833670,36332918
2026-08-07 21:00:51.719155,OB5X_ETF,ask,34.800000000000004,28,6833715,36333119
2026-08-07 21:00:51.713962,OB5X_202706_F,bid,131.4,7,6833714,36333118
2026-08-07 21:00:54.528583,OB5X_ETF,ask,34.7,164,6833749,36333316
2026-08-07 21:00:54.521611,OB5X_202706_F,bid,131.4,40,6833748,36333315
2026-08-07 21:01:33.725338,OB5X_ETF,bid,34.6,192,6834266,36336072
2026-08-07 21:01:33.732292,OB5X_202706_F,ask,131.3,47,6834267,36336073
2026-08-07 21:02:00.502508,ASML_202612_075C,ask,27.1,16,6834649,36337509
2026-08-07 21:02:00.578599,ASML,bid,48.800000000000004,15,6834652,36337986
2026-08-07 21:02:02.634126,ASML_202612_100P,ask,74.60000000000001,39,6834678,36338003
2026-08-07 21:02:03.647172,ASML,ask,48.5,13,6834691,36338219
2026-08-07 21:02:23.592165,OB5X_ETF,ask,34.7,192,6834966,36339665
2026-08-07 21:02:23.587003,OB5X_202612_F,bid,129.3,48,6834965,36339664
2026-08-07 21:02:26.343232,NVDA,ask,37.800000000000004,2,6835006,36339847
2026-08-07 21:02:26.348302,TSLA,ask,12.200000000000001,4,6835007,36339848
2026-08-07 21:02:26.353732,ASML,ask,48.300000000000004,2,6835008,36339850
2026-08-07 21:02:26.365203,OB5X_202612_F,bid,129.3,2,6835010,36339852
2026-08-07 21:02:26.757630,NVDA,bid,38.0,1,6835020,36339896
2026-08-07 21:02:26.763216,TSLA,bid,11.9,2,6835021,36339897
2026-08-07 21:02:26.768432,ASML,bid,48.5,1,6835022,36339898
2026-08-07 21:02:26.775183,OB5X_202703_F,ask,131.3,1,6835023,36339899
2026-08-07 21:02:27.211375,OB5X_ETF,bid,34.800000000000004,176,6835032,36339940
2026-08-07 21:02:27.222662,OB5X_202703_F,ask,131.3,43,6835034,36339943
2026-08-07 21:02:27.670449,OB5X_ETF,bid,34.800000000000004,4,6835042,36339968
2026-08-07 21:02:27.675931,OB5X_202703_F,ask,131.3,1,6835043,36339969
2026-08-07 21:02:27.701204,OB5X_ETF,bid,34.800000000000004,12,6835044,36339971
2026-08-07 21:02:27.706707,OB5X_202706_F,ask,132.20000000000002,3,6835045,36339972
2026-08-07 21:02:29.615579,OB5X_ETF,ask,34.800000000000004,192,6835074,36340124
2026-08-07 21:02:29.577867,OB5X_202703_F,bid,130.8,47,6835072,36340113
2026-08-07 21:02:43.677030,NVDA,ask,37.800000000000004,1,6835283,36341115
2026-08-07 21:02:43.682191,TSLA,ask,11.8,2,6835284,36341116
2026-08-07 21:02:43.687462,ASML,ask,48.5,1,6835285,36341117
2026-08-07 21:02:43.692575,OB5X_202706_F,bid,130.4,1,6835286,36341118
2026-08-07 21:02:47.187814,OB5X_ETF,bid,34.6,192,6835348,36341393
2026-08-07 21:02:47.193215,OB5X_202706_F,ask,131.5,47,6835349,36341394
2026-08-07 21:02:56.628742,NVDA,bid,38.0,1,6835497,36342076
2026-08-07 21:02:56.634819,TSLA,bid,11.600000000000001,2,6835498,36342077
2026-08-07 21:02:56.640070,ASML,bid,48.7,1,6835499,36342078
2026-08-07 21:02:56.645293,OB5X_202703_F,ask,130.5,1,6835500,36342080
2026-08-07 21:03:08.466230,NVDA,ask,37.6,1,6835671,36342948
2026-08-07 21:03:08.472222,TSLA,ask,12.0,2,6835672,36342950
2026-08-07 21:03:08.478017,ASML,ask,48.6,1,6835673,36342951
2026-08-07 21:03:08.483882,OB5X_202703_F,bid,130.5,1,6835674,36342952
2026-08-07 21:03:22.934469,NVDA,bid,37.7,1,6835866,36344008
2026-08-07 21:03:22.940010,TSLA,bid,11.700000000000001,2,6835867,36344009
2026-08-07 21:03:22.945123,ASML,bid,48.400000000000006,1,6835868,36344012
2026-08-07 21:03:22.950015,OB5X_202703_F,ask,130.0,1,6835869,36344013
2026-08-07 21:03:24.237963,NVDA,ask,37.6,1,6835885,36344109
2026-08-07 21:03:24.243252,TSLA,ask,11.9,2,6835886,36344110
2026-08-07 21:03:24.248534,ASML,ask,48.300000000000004,1,6835887,36344111
2026-08-07 21:03:24.254006,OB5X_202612_F,bid,129.0,1,6835888,36344113
2026-08-07 21:03:45.476388,NVDA,bid,37.800000000000004,1,6836203,36345668
2026-08-07 21:03:45.481886,TSLA,bid,11.9,2,6836204,36345669
2026-08-07 21:03:45.487115,ASML,bid,48.2,1,6836205,36345670
2026-08-07 21:03:45.492628,OB5X_202612_F,ask,129.5,1,6836206,36345671
2026-08-07 21:03:55.720618,NVDA,ask,37.9,1,6836345,36346407
2026-08-07 21:03:55.726320,TSLA,ask,11.9,2,6836346,36346408
2026-08-07 21:03:55.731420,ASML,ask,48.400000000000006,1,6836347,36346409
2026-08-07 21:03:55.736694,OB5X_202703_F,bid,130.4,1,6836348,36346410
2026-08-07 21:04:07.556025,NVDA,bid,37.800000000000004,1,6836535,36347287
2026-08-07 21:04:07.562510,TSLA,bid,11.700000000000001,2,6836536,36347289
2026-08-07 21:04:07.569392,ASML,bid,48.400000000000006,1,6836537,36347291
2026-08-07 21:04:07.575670,OB5X_202612_F,ask,129.1,1,6836538,36347292
2026-08-07 21:04:44.314235,OB5X_ETF,ask,34.800000000000004,192,6837046,36349993
2026-08-07 21:04:44.307811,OB5X_202706_F,bid,131.9,47,6837045,36349992
2026-08-07 21:04:52.204481,NVDA,ask,37.9,1,6837150,36350562
2026-08-07 21:04:52.209973,TSLA,ask,12.0,2,6837151,36350563
2026-08-07 21:04:52.214935,ASML,ask,48.1,1,6837152,36350564
2026-08-07 21:04:52.220413,OB5X_202703_F,bid,130.4,1,6837153,36350565
2026-08-07 21:04:55.204805,NVDA,bid,37.800000000000004,1,6837198,36350781
2026-08-07 21:04:55.210061,TSLA,bid,11.9,2,6837199,36350783
2026-08-07 21:04:55.215328,ASML,bid,48.300000000000004,1,6837200,36350784
2026-08-07 21:04:55.220530,OB5X_202612_F,ask,129.70000000000002,1,6837201,36350785
2026-08-07 21:05:02.862893,OB5X_ETF,bid,34.7,192,6837290,36351329
2026-08-07 21:05:02.868269,OB5X_202703_F,ask,130.6,47,6837291,36351330
2026-08-07 21:05:20.535693,OB5X_ETF,ask,34.6,168,6837561,36352607
2026-08-07 21:05:20.522271,OB5X_202706_F,bid,131.1,41,6837560,36352606
2026-08-07 21:05:20.623410,OB5X_ETF,bid,34.7,168,6837563,36352613
2026-08-07 21:05:20.631148,OB5X_202612_F,ask,129.8,42,6837564,36352614
2026-08-07 21:05:20.665157,OB5X_ETF,ask,34.6,24,6837567,36352620
2026-08-07 21:05:20.657927,OB5X_202612_F,bid,129.1,6,6837566,36352619
2026-08-07 21:05:20.928053,OB5X_ETF,ask,34.6,24,6837580,36352644
2026-08-07 21:05:20.913816,OB5X_202612_F,bid,129.1,6,6837577,36352642
2026-08-07 21:05:21.055291,NVDA,ask,37.6,1,6837584,36352663
2026-08-07 21:05:21.061075,TSLA,ask,11.9,2,6837585,36352664
2026-08-07 21:05:21.067333,ASML,ask,48.300000000000004,1,6837586,36352665
2026-08-07 21:05:21.073604,OB5X_202612_F,bid,129.1,1,6837587,36352666
2026-08-07 21:05:26.319950,NVDA,bid,37.800000000000004,1,6837661,36353054
2026-08-07 21:05:26.327003,TSLA,bid,11.700000000000001,2,6837662,36353055
2026-08-07 21:05:26.332914,ASML,bid,48.1,1,6837663,36353056
2026-08-07 21:05:26.338449,OB5X_ETF,ask,34.6,4,6837664,36353057
2026-08-07 21:05:26.897139,OB5X_ETF,ask,34.7,140,6837674,36353097
2026-08-07 21:05:26.891389,OB5X_202706_F,bid,131.20000000000002,34,6837673,36353096
2026-08-07 21:05:35.388552,OB5X_ETF,bid,34.7,192,6837786,36353722
2026-08-07 21:05:35.395008,OB5X_202706_F,ask,131.6,47,6837787,36353724
2026-08-07 21:06:46.050303,OB5X_ETF,ask,34.7,192,6838908,36358889
2026-08-07 21:06:46.044650,OB5X_202703_F,bid,130.4,47,6838907,36358887
2026-08-07 21:06:49.094037,NVDA,ask,37.9,1,6838952,36359088
2026-08-07 21:06:49.099319,TSLA,ask,12.200000000000001,2,6838953,36359089
2026-08-07 21:06:49.104408,ASML,ask,47.900000000000006,1,6838954,36359091
2026-08-07 21:06:49.109564,OB5X_202703_F,bid,130.6,1,6838955,36359092
2026-08-07 21:06:56.138926,OB5X_ETF,bid,34.6,192,6839041,36359593
2026-08-07 21:06:56.145009,OB5X_202706_F,ask,131.4,47,6839042,36359594
2026-08-07 21:07:10.169276,NVDA,bid,37.800000000000004,1,6839248,36360590
2026-08-07 21:07:10.176196,TSLA,bid,11.700000000000001,2,6839250,36360592
2026-08-07 21:07:10.181149,ASML,bid,48.2,1,6839251,36360593
2026-08-07 21:07:10.185916,OB5X_202612_F,ask,129.0,1,6839252,36360594
2026-08-07 21:08:08.346002,OB5X_ETF,ask,34.7,192,6840019,36364660
2026-08-07 21:08:08.540360,OB5X_202706_F,bid,131.5,52,6840032,36364685
2026-08-07 21:08:11.252203,ASML_202612_100P,bid,74.60000000000001,6,6840074,36364366
2026-08-07 21:08:15.441631,OB5X_ETF,bid,34.6,192,6840128,36365197
2026-08-07 21:08:15.446887,OB5X_202706_F,ask,131.3,47,6840129,36365198
2026-08-07 21:08:25.706970,ASML_202612_100P,bid,74.60000000000001,33,6840267,36364366
2026-08-07 21:08:25.747808,ASML,bid,48.0,13,6840270,36365916
2026-08-07 21:08:51.075725,ASML_202612_100P,bid,74.5,7,6840611,36366001
2026-08-07 21:09:48.992432,ASML_202612_100P,bid,74.5,32,6841420,36366001
2026-08-07 21:09:49.032387,ASML,bid,48.5,12,6841422,36371891
2026-08-07 21:09:54.270756,ASML_202612_075P,ask,52.7,42,6841494,36371928
2026-08-07 21:09:54.309666,ASML,ask,48.400000000000006,12,6841495,36372290
2026-08-07 21:10:59.392174,OB5X_ETF,ask,34.9,192,6842435,36377080
2026-08-07 21:10:59.386020,OB5X_202706_F,bid,132.1,47,6842434,36377079
2026-08-07 21:11:05.372296,OB5X_ETF,bid,34.9,192,6842560,36377548
2026-08-07 21:11:05.389503,OB5X_202703_F,ask,131.4,47,6842563,36377551
2026-08-07 21:11:08.211833,NVDA,ask,37.9,14,6842618,36377768
2026-08-07 21:11:08.220829,TSLA,ask,12.100000000000001,34,6842620,36377770
2026-08-07 21:11:08.226472,ASML,ask,48.400000000000006,14,6842621,36377772
2026-08-07 21:11:08.233968,SAP,ask,47.2,2,6842622,36377774
2026-08-07 21:11:08.239587,AAPL,ask,123.9,2,6842623,36377775
2026-08-07 21:11:08.245153,OB5X_202703_F,bid,130.5,15,6842624,36377776
2026-08-07 21:11:11.937639,OB5X_ETF,ask,34.9,192,6842677,36378047
2026-08-07 21:11:11.931988,OB5X_202706_F,bid,132.3,47,6842676,36378046
2026-08-07 21:11:12.603350,ASML_202612_100P,bid,74.4,39,6842688,36372439
2026-08-07 21:11:12.687897,ASML,bid,48.7,13,6842692,36378118
2026-08-07 21:11:12.854155,OB5X_ETF,bid,34.7,192,6842699,36378141
2026-08-07 21:11:12.864042,OB5X_202706_F,ask,131.9,47,6842701,36378144
2026-08-07 21:11:18.731154,NVDA,bid,38.0,15,6842777,36378559
2026-08-07 21:11:18.737518,TSLA,bid,11.9,36,6842778,36378560
2026-08-07 21:11:18.742558,ASML,bid,48.6,15,6842779,36378561
2026-08-07 21:11:18.747703,SAP,bid,47.300000000000004,2,6842780,36378562
2026-08-07 21:11:18.753178,AAPL,bid,124.0,2,6842781,36378563
2026-08-07 21:11:18.758680,OB5X_ETF,ask,34.800000000000004,64,6842782,36378564
2026-08-07 21:11:18.986523,OB5X_ETF,ask,34.800000000000004,128,6842790,36378588
2026-08-07 21:11:18.980280,OB5X_202706_F,bid,131.70000000000002,31,6842789,36378587
2026-08-07 21:11:19.174562,OB5X_ETF,bid,34.7,64,6842793,36378594
2026-08-07 21:11:19.537817,OB5X_202612_F,ask,129.6,13,6842801,36378626
2026-08-07 21:11:19.619181,ASML_202612_050P,ask,31.700000000000003,45,6842804,36378581
2026-08-07 21:11:19.961186,ASML,ask,48.300000000000004,9,6842813,36378672
2026-08-07 21:11:20.748744,ASML_202612_100C,bid,23.900000000000002,17,6842824,36378692
2026-08-07 21:11:21.948267,ASML,ask,48.300000000000004,12,6842843,36378816
2026-08-07 21:11:25.507495,OB5X_ETF,bid,34.7,128,6842878,36379079
2026-08-07 21:11:25.512720,OB5X_202703_F,ask,130.8,32,6842879,36379080
2026-08-07 21:11:41.037260,NVDA,ask,37.7,7,6843077,36380188
2026-08-07 21:11:41.043575,TSLA,ask,12.200000000000001,16,6843078,36380190
2026-08-07 21:11:41.052219,ASML,ask,48.400000000000006,6,6843079,36380191
2026-08-07 21:11:41.099783,SAP,ask,47.1,1,6843082,36380203
2026-08-07 21:11:41.104953,AAPL,ask,123.80000000000001,1,6843083,36380204
2026-08-07 21:11:41.110290,OB5X_202612_F,bid,129.6,7,6843084,36380205
2026-08-07 21:11:41.370575,OB5X_ETF,ask,34.9,192,6843088,36380216
2026-08-07 21:11:41.362182,OB5X_202612_F,bid,129.6,48,6843087,36380214
2026-08-07 21:11:46.309788,NVDA,bid,37.800000000000004,7,6843163,36380579
2026-08-07 21:11:46.315350,TSLA,bid,11.9,16,6843164,36380580
2026-08-07 21:11:46.320440,ASML,bid,48.5,6,6843165,36380581
2026-08-07 21:11:46.325513,SAP,bid,47.2,1,6843166,36380582
2026-08-07 21:11:46.330372,AAPL,bid,124.10000000000001,1,6843167,36380583
2026-08-07 21:11:46.335593,OB5X_202706_F,ask,131.70000000000002,7,6843168,36380584
2026-08-07 21:11:56.416523,OB5X_ETF,bid,34.7,192,6843288,36381301
2026-08-07 21:11:56.421672,OB5X_202612_F,ask,129.6,48,6843289,36381302
2026-08-07 21:12:03.570349,OB5X_ETF,ask,34.7,192,6843408,36381844
2026-08-07 21:12:03.564734,OB5X_202703_F,bid,130.5,47,6843407,36381843
2026-08-07 21:12:06.156683,NVDA,ask,37.9,7,6843470,36382046
2026-08-07 21:12:06.161917,TSLA,ask,12.200000000000001,16,6843471,36382047
2026-08-07 21:12:06.167190,ASML,ask,48.400000000000006,6,6843472,36382048
2026-08-07 21:12:06.172876,SAP,ask,47.2,1,6843473,36382049
2026-08-07 21:12:06.185392,AAPL,ask,123.7,1,6843476,36382052
2026-08-07 21:12:06.192963,OB5X_ETF,bid,34.800000000000004,28,6843478,36382054
2026-08-07 21:12:06.572542,NVDA,bid,37.800000000000004,7,6843486,36382087
2026-08-07 21:12:06.583418,TSLA,bid,12.100000000000001,16,6843488,36382089
2026-08-07 21:12:06.590409,ASML,bid,48.5,6,6843489,36382090
2026-08-07 21:12:06.595827,SAP,bid,47.300000000000004,1,6843490,36382091
2026-08-07 21:12:06.602243,AAPL,bid,123.80000000000001,1,6843491,36382092
2026-08-07 21:12:06.607439,OB5X_202703_F,ask,131.0,7,6843492,36382093
2026-08-07 21:12:09.003932,OB5X_ETF,bid,34.7,164,6843541,36382278
2026-08-07 21:12:09.011656,OB5X_202703_F,ask,130.9,40,6843542,36382279
2026-08-07 21:12:33.605141,NVDA,ask,37.9,7,6843890,36384047
2026-08-07 21:12:33.610369,TSLA,ask,12.100000000000001,16,6843891,36384048
2026-08-07 21:12:33.616972,ASML,ask,48.2,6,6843892,36384050
2026-08-07 21:12:33.621898,SAP,ask,47.0,1,6843893,36384051
2026-08-07 21:12:33.627053,AAPL,ask,123.5,1,6843894,36384052
2026-08-07 21:12:33.632220,OB5X_202703_F,bid,130.5,7,6843895,36384053
2026-08-07 21:12:33.662553,NVDA,ask,37.9,1,6843896,36384054
2026-08-07 21:12:33.671085,TSLA,ask,12.100000000000001,2,6843897,36384055
2026-08-07 21:12:33.676377,ASML,ask,48.2,1,6843898,36384056
2026-08-07 21:12:33.681301,OB5X_202612_F,bid,129.5,1,6843899,36384057
2026-08-07 21:12:38.449640,OB5X_ETF,ask,34.7,192,6843961,36384401
2026-08-07 21:12:38.444100,OB5X_202703_F,bid,130.4,47,6843960,36384400
2026-08-07 21:12:43.013862,NVDA,bid,37.9,8,6844035,36384745
2026-08-07 21:12:43.021423,TSLA,bid,12.0,18,6844036,36384746
2026-08-07 21:12:43.027547,ASML,bid,48.2,7,6844037,36384747
2026-08-07 21:12:43.037438,SAP,bid,47.2,1,6844039,36384749
2026-08-07 21:12:43.043205,AAPL,bid,123.7,1,6844040,36384750
2026-08-07 21:12:43.049091,OB5X_202706_F,ask,132.6,8,6844041,36384751
2026-08-07 21:12:43.080421,OB5X_ETF,bid,34.7,168,6844044,36384754
2026-08-07 21:12:43.086736,OB5X_202706_F,ask,132.6,41,6844045,36384755
2026-08-07 21:12:46.507326,OB5X_ETF,ask,34.6,168,6844119,36385038
2026-08-07 21:12:46.502164,OB5X_202706_F,bid,130.8,41,6844118,36385037
2026-08-07 21:12:46.533150,NVDA,ask,37.7,7,6844122,36385041
2026-08-07 21:12:46.546518,TSLA,ask,11.9,16,6844126,36385045
2026-08-07 21:12:46.552247,ASML,ask,48.300000000000004,6,6844127,36385046
2026-08-07 21:12:46.557180,SAP,ask,47.2,1,6844128,36385047
2026-08-07 21:12:46.562346,AAPL,ask,123.30000000000001,1,6844129,36385048
2026-08-07 21:12:46.567318,OB5X_202706_F,bid,130.8,7,6844130,36385049
2026-08-07 21:12:46.726997,NVDA,ask,37.7,1,6844136,36385063
2026-08-07 21:12:46.732038,TSLA,ask,12.100000000000001,2,6844137,36385064
2026-08-07 21:12:46.736982,ASML,ask,48.300000000000004,1,6844138,36385065
2026-08-07 21:12:46.742235,OB5X_202703_F,bid,129.8,1,6844139,36385066
2026-08-07 21:12:54.346640,OB5X_ETF,bid,34.4,192,6844237,36385630
2026-08-07 21:12:54.362682,OB5X_202703_F,ask,130.0,47,6844239,36385636
2026-08-07 21:13:06.466814,NVDA,bid,37.800000000000004,8,6844439,36386511
2026-08-07 21:13:06.488094,ASML,bid,48.300000000000004,7,6844442,36386519
2026-08-07 21:13:06.493799,SAP,bid,47.5,1,6844443,36386521
2026-08-07 21:13:06.499013,AAPL,bid,123.60000000000001,1,6844444,36386522
2026-08-07 21:13:06.504022,OB5X_202706_F,ask,131.3,8,6844445,36386523
2026-08-07 21:13:13.019054,NVDA,bid,37.800000000000004,8,6844575,36387015
2026-08-07 21:13:13.027195,TSLA,bid,11.8,18,6844576,36387016
2026-08-07 21:13:13.035386,ASML,bid,48.300000000000004,7,6844577,36387017
2026-08-07 21:13:13.040404,SAP,bid,47.300000000000004,1,6844578,36387018
2026-08-07 21:13:13.045522,AAPL,bid,123.5,1,6844579,36387019
2026-08-07 21:13:13.050874,OB5X_202706_F,ask,131.20000000000002,8,6844580,36387020
2026-08-07 21:13:29.058468,OB5X_ETF,ask,34.7,192,6844835,36388184
2026-08-07 21:13:29.052626,OB5X_202703_F,bid,130.20000000000002,47,6844834,36388183
2026-08-07 21:14:30.680183,NVDA,ask,38.2,14,6845670,36392764
2026-08-07 21:14:30.686748,TSLA,ask,12.0,34,6845671,36392765
2026-08-07 21:14:30.692790,ASML,ask,48.6,14,6845672,36392766
2026-08-07 21:14:30.699064,SAP,ask,47.1,2,6845673,36392767
2026-08-07 21:14:30.705349,AAPL,ask,123.4,2,6845674,36392769
2026-08-07 21:14:30.711590,OB5X_ETF,bid,34.800000000000004,60,6845675,36392771
2026-08-07 21:14:38.913166,OB5X_ETF,bid,34.7,132,6845777,36393361
2026-08-07 21:14:38.918031,OB5X_202703_F,ask,130.70000000000002,33,6845778,36393362
2026-08-07 21:14:47.884582,NVDA,bid,38.2,14,6845888,36394029
2026-08-07 21:14:47.892337,TSLA,bid,11.8,34,6845890,36394031
2026-08-07 21:14:47.900564,ASML,bid,48.7,14,6845891,36394033
2026-08-07 21:14:47.905391,SAP,bid,47.300000000000004,2,6845892,36394034
2026-08-07 21:14:47.910278,AAPL,bid,123.5,2,6845893,36394035
2026-08-07 21:14:47.915294,OB5X_202706_F,ask,131.9,15,6845894,36394036
2026-08-07 21:15:16.881050,NVDA,ask,38.1,14,6846333,36396217
2026-08-07 21:15:16.885940,TSLA,ask,12.3,34,6846334,36396218
2026-08-07 21:15:16.891215,ASML,ask,48.6,14,6846335,36396219
2026-08-07 21:15:16.895994,SAP,ask,47.2,2,6846336,36396220
2026-08-07 21:15:16.902454,AAPL,ask,123.4,2,6846337,36396223
2026-08-07 21:15:16.907062,OB5X_202703_F,bid,130.9,15,6846338,36396224
2026-08-07 21:15:16.961343,OB5X_ETF,ask,34.800000000000004,192,6846342,36396234
2026-08-07 21:15:16.956308,OB5X_202612_F,bid,129.9,48,6846341,36396233
2026-08-07 21:15:19.113974,OB5X_ETF,bid,34.9,192,6846391,36396416
2026-08-07 21:15:19.119676,OB5X_202612_F,ask,130.4,48,6846392,36396417
2026-08-07 21:15:26.475584,OB5X_ETF,ask,34.9,192,6846523,36396986
2026-08-07 21:15:26.469238,OB5X_202612_F,bid,130.20000000000002,48,6846522,36396985
2026-08-07 21:15:27.375160,NVDA,bid,38.0,14,6846544,36397051
2026-08-07 21:15:27.380405,TSLA,bid,12.0,34,6846545,36397052
2026-08-07 21:15:27.385498,ASML,bid,48.6,14,6846546,36397053
2026-08-07 21:15:27.390475,SAP,bid,47.400000000000006,2,6846547,36397054
2026-08-07 21:15:27.395954,AAPL,bid,123.60000000000001,2,6846548,36397055
2026-08-07 21:15:27.401537,OB5X_202612_F,ask,130.1,15,6846549,36397057
2026-08-07 21:15:36.442909,NVDA,ask,37.9,14,6846686,36397773
2026-08-07 21:15:36.449235,TSLA,ask,12.3,34,6846687,36397774
2026-08-07 21:15:36.454769,ASML,ask,48.6,14,6846688,36397775
2026-08-07 21:15:36.460370,SAP,ask,47.1,2,6846689,36397776
2026-08-07 21:15:36.465321,AAPL,ask,123.9,2,6846690,36397777
2026-08-07 21:15:36.470598,OB5X_202703_F,bid,131.0,15,6846691,36397778
2026-08-07 21:15:37.755185,NVDA,bid,38.0,14,6846710,36397857
2026-08-07 21:15:37.760773,TSLA,bid,11.9,34,6846711,36397858
2026-08-07 21:15:37.766117,ASML,bid,48.7,14,6846712,36397859
2026-08-07 21:15:37.807076,SAP,bid,47.2,2,6846714,36397871
2026-08-07 21:15:37.812486,AAPL,bid,123.9,2,6846715,36397872
2026-08-07 21:15:37.817875,OB5X_202612_F,ask,129.9,15,6846716,36397873
2026-08-07 21:15:39.067866,NVDA,ask,37.9,14,6846734,36397982
2026-08-07 21:15:39.072856,TSLA,ask,12.200000000000001,34,6846735,36397983
2026-08-07 21:15:39.077816,ASML,ask,48.5,14,6846736,36397984
2026-08-07 21:15:39.082736,SAP,ask,47.1,2,6846737,36397985
2026-08-07 21:15:39.087746,AAPL,ask,123.7,2,6846738,36397986
2026-08-07 21:15:39.097262,OB5X_202703_F,bid,131.1,15,6846740,36397989
2026-08-07 21:15:40.392922,NVDA,bid,38.0,14,6846756,36398075
2026-08-07 21:15:40.398866,TSLA,bid,12.0,34,6846757,36398076
2026-08-07 21:15:40.404107,ASML,bid,48.5,14,6846758,36398077
2026-08-07 21:15:40.409224,SAP,bid,47.2,2,6846759,36398078
2026-08-07 21:15:40.413813,AAPL,bid,124.0,2,6846760,36398079
2026-08-07 21:15:40.420020,OB5X_202612_F,ask,129.9,15,6846761,36398081
2026-08-07 21:15:50.782046,OB5X_ETF,bid,34.800000000000004,192,6846896,36398839
2026-08-07 21:15:50.788067,OB5X_202706_F,ask,132.1,47,6846897,36398840
2026-08-07 21:15:52.139435,ASML_202612_075P,bid,52.300000000000004,6,6846921,36379211
2026-08-07 21:15:58.170494,OB5X_ETF,ask,34.800000000000004,192,6847024,36399420
2026-08-07 21:15:58.165241,OB5X_202612_F,bid,129.9,48,6847023,36399419
2026-08-07 21:16:00.281778,OB5X_ETF,bid,34.800000000000004,192,6847062,36399608
2026-08-07 21:16:00.287843,OB5X_202612_F,ask,130.0,48,6847063,36399609
2026-08-07 21:16:06.565859,OB5X_ETF,ask,34.9,192,6847149,36400056
2026-08-07 21:16:06.558709,OB5X_202706_F,bid,132.0,47,6847148,36400054
2026-08-07 21:16:11.039385,NVDA,ask,37.800000000000004,14,6847219,36400396
2026-08-07 21:16:11.044454,TSLA,ask,12.0,34,6847220,36400397
2026-08-07 21:16:11.049169,ASML,ask,48.6,14,6847221,36400398
2026-08-07 21:16:11.057978,SAP,ask,46.900000000000006,2,6847222,36400399
2026-08-07 21:16:11.065261,AAPL,ask,123.5,2,6847224,36400401
2026-08-07 21:16:11.070516,OB5X_ETF,bid,34.7,60,6847225,36400403
2026-08-07 21:16:13.801022,ASML_202612_075P,bid,52.300000000000004,7,6847265,36379211
2026-08-07 21:16:13.873878,OB5X_ETF,bid,34.800000000000004,132,6847267,36400608
2026-08-07 21:16:13.880063,OB5X_202703_F,ask,131.1,33,6847268,36400609
2026-08-07 21:16:13.907442,NVDA,bid,38.0,14,6847269,36400613
2026-08-07 21:16:13.914487,TSLA,bid,12.100000000000001,34,6847270,36400616
2026-08-07 21:16:13.919732,ASML,bid,48.5,14,6847271,36400617
2026-08-07 21:16:13.924606,SAP,bid,47.0,2,6847272,36400618
2026-08-07 21:16:13.929570,AAPL,bid,123.4,2,6847273,36400619
2026-08-07 21:16:13.934337,OB5X_202703_F,ask,131.1,15,6847274,36400620
2026-08-07 21:16:35.689430,NVDA,ask,38.0,14,6847600,36402257
2026-08-07 21:16:35.695230,TSLA,ask,12.100000000000001,34,6847601,36402258
2026-08-07 21:16:35.701229,ASML,ask,48.300000000000004,14,6847602,36402259
2026-08-07 21:16:35.708189,SAP,ask,46.800000000000004,2,6847603,36402261
2026-08-07 21:16:35.717169,AAPL,ask,123.7,2,6847605,36402263
2026-08-07 21:16:35.723387,OB5X_202612_F,bid,129.70000000000002,15,6847606,36402265
2026-08-07 21:17:42.555837,NVDA,bid,38.0,14,6848544,36407212
2026-08-07 21:17:42.564849,ASML,bid,48.6,14,6848545,36407215
2026-08-07 21:17:42.569972,SAP,bid,46.800000000000004,2,6848546,36407217
2026-08-07 21:17:42.574897,AAPL,bid,122.9,2,6848547,36407218
2026-08-07 21:17:42.579722,OB5X_202612_F,ask,129.9,15,6848548,36407219
2026-08-07 21:17:47.784060,NVDA,bid,38.1,8,6848627,36407591
2026-08-07 21:17:47.789532,TSLA,bid,12.0,18,6848628,36407593
2026-08-07 21:17:47.794837,ASML,bid,48.7,7,6848629,36407594
2026-08-07 21:17:47.800044,SAP,bid,46.7,1,6848630,36407595
2026-08-07 21:17:47.805535,AAPL,bid,122.60000000000001,1,6848631,36407597
2026-08-07 21:17:47.810435,OB5X_202706_F,ask,132.20000000000002,8,6848632,36407598
2026-08-07 21:17:53.882387,ASML_202612_100P,ask,74.7,39,6848730,36407609
2026-08-07 21:17:56.323806,ASML_202612_100P,ask,74.5,40,6848778,36408154
2026-08-07 21:17:56.953649,ASML,ask,48.6,21,6848789,36408309
2026-08-07 21:18:01.701642,OB5X_ETF,ask,34.9,192,6848862,36408656
2026-08-07 21:18:01.694156,OB5X_202703_F,bid,131.20000000000002,47,6848861,36408655
2026-08-07 21:18:01.730224,OB5X_202612_F,bid,130.20000000000002,12,6848863,36408658
2026-08-07 21:18:06.602366,NVDA,bid,38.1,7,6848929,36409004
2026-08-07 21:18:06.607392,TSLA,bid,12.100000000000001,16,6848930,36409005
2026-08-07 21:18:06.612736,ASML,bid,48.7,6,6848931,36409006
2026-08-07 21:18:06.617707,SAP,bid,46.7,1,6848932,36409007
2026-08-07 21:18:06.622664,AAPL,bid,122.30000000000001,1,6848933,36409008
2026-08-07 21:18:06.627535,OB5X_202612_F,ask,130.20000000000002,7,6848934,36409009
2026-08-07 21:18:10.278035,NVDA,ask,38.1,6,6848993,36409278
2026-08-07 21:18:10.283043,TSLA,ask,12.200000000000001,13,6848994,36409279
2026-08-07 21:18:10.288038,ASML,ask,48.800000000000004,5,6848995,36409280
2026-08-07 21:18:10.293280,SAP,ask,46.5,1,6848996,36409281
2026-08-07 21:18:10.298507,AAPL,ask,122.0,1,6848997,36409282
2026-08-07 21:18:10.303605,OB5X_202706_F,bid,132.20000000000002,6,6848998,36409283
2026-08-07 21:18:10.329908,NVDA,ask,38.1,1,6849000,36409286
2026-08-07 21:18:10.336526,TSLA,ask,12.200000000000001,2,6849001,36409287
2026-08-07 21:18:10.342018,ASML,ask,48.800000000000004,1,6849002,36409289
2026-08-07 21:18:10.347424,OB5X_202612_F,bid,130.20000000000002,1,6849003,36409291
2026-08-07 21:18:42.648397,OB5X_ETF,bid,34.800000000000004,192,6849410,36411489
2026-08-07 21:18:42.654063,OB5X_202703_F,ask,131.0,47,6849411,36411490
2026-08-07 21:18:48.236711,NVDA,bid,38.1,6,6849481,36411879
2026-08-07 21:18:48.241960,TSLA,bid,11.9,13,6849482,36411881
2026-08-07 21:18:48.247305,ASML,bid,48.800000000000004,5,6849483,36411883
2026-08-07 21:18:48.252434,SAP,bid,46.7,1,6849484,36411884
2026-08-07 21:18:48.257376,AAPL,bid,122.10000000000001,1,6849485,36411885
2026-08-07 21:18:48.262349,OB5X_202612_F,ask,130.1,6,6849486,36411886
2026-08-07 21:18:49.320817,OB5X_ETF,ask,34.9,192,6849505,36411964
2026-08-07 21:18:49.309960,OB5X_202706_F,bid,132.20000000000002,47,6849504,36411963
2026-08-07 21:18:58.808981,OB5X_ETF,bid,34.7,192,6849635,36412632
2026-08-07 21:18:58.815332,OB5X_202706_F,ask,131.8,47,6849636,36412634
2026-08-07 21:19:17.181395,NVDA,ask,37.9,5,6849910,36413937
2026-08-07 21:19:17.187276,TSLA,ask,12.200000000000001,11,6849911,36413938
2026-08-07 21:19:17.193085,ASML,ask,48.6,5,6849912,36413939
2026-08-07 21:19:17.199529,SAP,ask,46.6,1,6849913,36413940
2026-08-07 21:19:17.206135,AAPL,ask,121.5,1,6849914,36413942
2026-08-07 21:19:17.211855,OB5X_202703_F,bid,130.8,5,6849915,36413943
2026-08-07 21:19:18.504413,NVDA,bid,38.0,5,6849937,36414031
2026-08-07 21:19:18.509822,TSLA,bid,11.8,11,6849938,36414032
2026-08-07 21:19:18.516336,ASML,bid,48.7,5,6849939,36414034
2026-08-07 21:19:18.521144,SAP,bid,46.7,1,6849940,36414035
2026-08-07 21:19:18.526102,AAPL,bid,122.0,1,6849941,36414036
2026-08-07 21:19:18.531095,OB5X_202706_F,ask,131.9,5,6849942,36414037
2026-08-07 21:19:24.442442,ASML_202612_100P,bid,74.4,39,6850044,36413582
2026-08-07 21:19:24.482079,ASML,bid,48.5,13,6850046,36414487
2026-08-07 21:19:25.411309,ASML_202612_075P,ask,52.7,44,6850062,36414503
2026-08-07 21:19:26.456366,ASML,ask,48.5,12,6850084,36414637
2026-08-07 21:19:38.700207,ASML_202612_075P,bid,52.400000000000006,45,6850269,36415233
2026-08-07 21:19:38.751071,ASML,bid,48.7,12,6850272,36415530
2026-08-07 21:19:39.770570,ASML_202612_100P,ask,74.7,39,6850284,36415557
2026-08-07 21:19:40.730814,ASML,ask,48.6,12,6850296,36415691
2026-08-07 21:20:33.846138,OB5X_ETF,ask,34.800000000000004,192,6851021,36419424
2026-08-07 21:20:33.840447,OB5X_202703_F,bid,130.9,47,6851020,36419423
2026-08-07 21:20:40.236254,OB5X_ETF,bid,34.7,192,6851110,36419901
2026-08-07 21:20:40.241284,OB5X_202703_F,ask,130.70000000000002,47,6851111,36419902
2026-08-07 21:20:43.357038,OB5X_ETF,ask,34.7,192,6851155,36420110
2026-08-07 21:20:43.351243,OB5X_202703_F,bid,130.5,47,6851154,36420109
2026-08-07 21:20:44.242053,NVDA,ask,37.9,6,6851174,36420190
2026-08-07 21:20:44.247309,TSLA,ask,12.100000000000001,13,6851175,36420191
2026-08-07 21:20:44.253261,ASML,ask,48.300000000000004,5,6851176,36420193
2026-08-07 21:20:44.259832,SAP,ask,46.6,1,6851177,36420194
2026-08-07 21:20:44.267251,AAPL,ask,122.2,1,6851179,36420196
2026-08-07 21:20:44.272640,OB5X_202612_F,bid,129.5,6,6851180,36420198
2026-08-07 21:20:44.302407,NVDA,ask,37.9,1,6851181,36420199
2026-08-07 21:20:44.309720,TSLA,ask,12.100000000000001,2,6851182,36420201
2026-08-07 21:20:44.315233,ASML,ask,48.300000000000004,1,6851183,36420202
2026-08-07 21:20:44.321290,OB5X_202706_F,bid,131.5,1,6851184,36420203
2026-08-07 21:20:46.487199,NVDA,bid,38.2,7,6851210,36420336
2026-08-07 21:20:46.494068,TSLA,bid,12.100000000000001,16,6851211,36420338
2026-08-07 21:20:46.501873,ASML,bid,48.5,6,6851212,36420340
2026-08-07 21:20:46.512586,SAP,bid,46.800000000000004,1,6851214,36420343
2026-08-07 21:20:46.518586,AAPL,bid,122.4,1,6851215,36420344
2026-08-07 21:20:46.532421,OB5X_202706_F,ask,132.20000000000002,7,6851217,36420346
2026-08-07 21:20:46.562006,OB5X_ETF,bid,34.800000000000004,192,6851218,36420349
2026-08-07 21:20:46.569245,OB5X_202703_F,ask,131.20000000000002,47,6851219,36420351
2026-08-07 21:21:19.022913,NVDA,ask,38.0,6,6851663,36422669
2026-08-07 21:21:19.028092,TSLA,ask,12.100000000000001,13,6851664,36422670
2026-08-07 21:21:19.033171,ASML,ask,48.400000000000006,5,6851665,36422671
2026-08-07 21:21:19.039742,SAP,ask,46.400000000000006,1,6851667,36422673
2026-08-07 21:21:19.044737,AAPL,ask,122.2,1,6851668,36422674
2026-08-07 21:21:19.049482,OB5X_202703_F,bid,130.70000000000002,6,6851669,36422675
2026-08-07 21:21:21.997672,NVDA,bid,38.0,6,6851716,36422890
2026-08-07 21:21:22.002744,TSLA,bid,12.0,13,6851717,36422891
2026-08-07 21:21:22.007643,ASML,bid,48.5,5,6851718,36422892
2026-08-07 21:21:22.013121,SAP,bid,46.800000000000004,1,6851719,36422894
2026-08-07 21:21:22.017900,AAPL,bid,122.4,1,6851720,36422895
2026-08-07 21:21:22.022918,OB5X_202612_F,ask,130.1,6,6851721,36422896
2026-08-07 21:21:44.139173,OB5X_ETF,ask,35.0,192,6852081,36424502
2026-08-07 21:21:44.133021,OB5X_202703_F,bid,131.5,47,6852080,36424501
2026-08-07 21:21:45.414749,OB5X_ETF,bid,34.800000000000004,192,6852120,36424613
2026-08-07 21:21:45.420306,OB5X_202703_F,ask,131.20000000000002,47,6852121,36424614
2026-08-07 21:21:53.216997,OB5X_ETF,ask,34.800000000000004,192,6852223,36425175
2026-08-07 21:21:53.207313,OB5X_202612_F,bid,129.9,48,6852221,36425172
2026-08-07 21:21:54.263602,ASML_202612_100C,ask,24.3,4,6852256,36421005
2026-08-07 21:21:58.080810,OB5X_ETF,bid,34.7,192,6852301,36425535
2026-08-07 21:21:58.085937,OB5X_202706_F,ask,131.8,47,6852302,36425536
2026-08-07 21:22:02.676600,OB5X_ETF,ask,34.800000000000004,192,6852362,36425851
2026-08-07 21:22:02.670733,OB5X_202706_F,bid,131.9,47,6852361,36425850
2026-08-07 21:22:12.073583,NVDA,ask,37.800000000000004,6,6852507,36426534
2026-08-07 21:22:12.079025,TSLA,ask,12.3,13,6852508,36426535
2026-08-07 21:22:12.084175,ASML,ask,48.5,5,6852509,36426536
2026-08-07 21:22:12.089086,SAP,ask,46.900000000000006,1,6852510,36426537
2026-08-07 21:22:12.094344,AAPL,ask,122.60000000000001,1,6852511,36426538
2026-08-07 21:22:12.099261,OB5X_202706_F,bid,132.20000000000002,6,6852512,36426539
2026-08-07 21:22:12.332913,NVDA,ask,37.9,1,6852516,36426557
2026-08-07 21:22:12.343709,TSLA,ask,12.3,2,6852518,36426560
2026-08-07 21:22:12.349389,ASML,ask,48.6,1,6852519,36426562
2026-08-07 21:22:12.354383,OB5X_202706_F,bid,132.20000000000002,1,6852520,36426564
2026-08-07 21:22:17.457140,NVDA,bid,38.0,7,6852593,36426937
2026-08-07 21:22:17.463234,TSLA,bid,12.3,16,6852594,36426938
2026-08-07 21:22:17.468647,ASML,bid,48.7,6,6852595,36426939
2026-08-07 21:22:17.475404,SAP,bid,46.900000000000006,1,6852596,36426940
2026-08-07 21:22:17.489898,AAPL,bid,122.80000000000001,1,6852599,36426943
2026-08-07 21:22:17.495784,OB5X_202706_F,ask,133.1,7,6852600,36426945
2026-08-07 21:22:54.138105,NVDA,ask,37.7,6,6853122,36429510
2026-08-07 21:22:54.143597,TSLA,ask,12.3,13,6853123,36429511
2026-08-07 21:22:54.148993,ASML,ask,48.300000000000004,5,6853124,36429512
2026-08-07 21:22:54.153900,SAP,ask,47.1,1,6853125,36429513
2026-08-07 21:22:54.159032,AAPL,ask,123.10000000000001,1,6853126,36429514
2026-08-07 21:22:54.163938,OB5X_ETF,bid,34.800000000000004,24,6853127,36429515
2026-08-07 21:22:56.599801,OB5X_ETF,bid,34.6,168,6853149,36429671
2026-08-07 21:22:56.605072,OB5X_202612_F,ask,129.70000000000002,42,6853150,36429672
2026-08-07 21:22:59.578192,NVDA,bid,37.7,5,6853209,36429902
2026-08-07 21:22:59.583755,TSLA,bid,12.0,11,6853210,36429904
2026-08-07 21:22:59.593133,SAP,bid,47.300000000000004,1,6853211,36429907
2026-08-07 21:22:59.598897,AAPL,bid,123.10000000000001,1,6853212,36429909
2026-08-07 21:22:59.603857,OB5X_202612_F,ask,129.70000000000002,5,6853213,36429910
2026-08-07 21:23:02.014935,NVDA,ask,37.6,1,6853247,36430079
2026-08-07 21:23:02.021034,TSLA,ask,12.3,2,6853248,36430080
2026-08-07 21:23:02.032441,ASML,ask,48.300000000000004,1,6853251,36430083
2026-08-07 21:23:02.037441,OB5X_202706_F,bid,131.70000000000002,1,6853252,36430084
2026-08-07 21:23:14.186944,NVDA,bid,37.5,1,6853436,36430947
2026-08-07 21:23:14.192284,TSLA,bid,12.100000000000001,2,6853437,36430949
2026-08-07 21:23:14.200971,OB5X_202706_F,ask,131.4,1,6853438,36430952
2026-08-07 21:23:25.359368,ASML_202612_100P,bid,74.60000000000001,39,6853619,36431697
2026-08-07 21:23:25.447127,ASML,bid,48.0,15,6853622,36431765
2026-08-07 21:23:27.536262,OB5X_ETF,ask,34.6,192,6853653,36431912
2026-08-07 21:23:27.530647,OB5X_202706_F,bid,131.20000000000002,47,6853652,36431911
2026-08-07 21:23:28.633697,ASML_202612_075C,bid,26.1,16,6853679,36431816
2026-08-07 21:23:29.689333,NVDA,ask,37.800000000000004,15,6853690,36432105
2026-08-07 21:23:29.695428,TSLA,ask,12.200000000000001,36,6853691,36432106
2026-08-07 21:23:29.700304,ASML,ask,47.900000000000006,15,6853692,36432107
2026-08-07 21:23:29.707848,SAP,ask,46.900000000000006,2,6853694,36432109
2026-08-07 21:23:29.712570,AAPL,ask,123.4,2,6853695,36432110
2026-08-07 21:23:29.717306,OB5X_202612_F,bid,129.3,16,6853696,36432111
2026-08-07 21:23:30.956656,NVDA,bid,37.9,15,6853717,36432204
2026-08-07 21:23:30.962047,TSLA,bid,11.9,36,6853718,36432205
2026-08-07 21:23:30.967232,ASML,bid,48.0,15,6853719,36432206
2026-08-07 21:23:30.972516,SAP,bid,47.1,2,6853720,36432207
2026-08-07 21:23:30.977578,AAPL,bid,123.5,2,6853721,36432208
2026-08-07 21:23:30.983176,OB5X_202612_F,ask,129.5,16,6853722,36432210
2026-08-07 21:23:31.578615,ASML,ask,47.900000000000006,12,6853731,36432270
2026-08-07 21:23:31.851455,OB5X_ETF,bid,34.6,192,6853736,36432278
2026-08-07 21:23:31.857330,OB5X_202706_F,ask,131.4,47,6853737,36432280
2026-08-07 21:23:34.923627,NVDA,ask,37.800000000000004,3,6853786,36432537
2026-08-07 21:23:34.929008,TSLA,ask,12.4,7,6853787,36432539
2026-08-07 21:23:34.939902,ASML,ask,47.800000000000004,3,6853789,36432543
2026-08-07 21:23:34.944791,OB5X_202706_F,bid,131.3,3,6853790,36432544
2026-08-07 21:23:59.044825,OB5X_ETF,ask,34.5,20,6854115,36434279
2026-08-07 21:23:59.039544,OB5X_202706_F,bid,130.70000000000002,5,6854114,36434278
2026-08-07 21:24:06.054919,OB5X_ETF,ask,34.6,24,6854222,36434804
2026-08-07 21:24:06.049289,OB5X_202706_F,bid,131.1,6,6854221,36434803
2026-08-07 21:24:09.453339,OB5X_ETF,ask,34.6,148,6854276,36435075
2026-08-07 21:24:09.444373,OB5X_202612_F,bid,129.0,37,6854275,36435074
2026-08-07 21:24:18.938088,OB5X_ETF,bid,34.6,64,6854418,36435768
2026-08-07 21:24:18.943382,OB5X_202612_F,ask,129.3,16,6854419,36435769
2026-08-07 21:24:23.332535,OB5X_ETF,bid,34.6,78,6854476,36436087
2026-08-07 21:24:23.332535,OB5X_ETF,bid,34.6,50,6854477,36436087
2026-08-07 21:24:23.346808,OB5X_202703_F,ask,130.4,32,6854478,36436088
2026-08-07 21:24:27.579339,NVDA,bid,37.6,4,6854530,36436396
2026-08-07 21:24:27.584415,TSLA,bid,12.100000000000001,9,6854531,36436397
2026-08-07 21:24:27.592095,ASML,bid,47.900000000000006,4,6854532,36436398
2026-08-07 21:24:27.630728,AAPL,bid,123.80000000000001,1,6854535,36436410
2026-08-07 21:24:27.636003,OB5X_202706_F,ask,131.3,4,6854536,36436411
2026-08-07 21:24:36.762299,NVDA,ask,37.5,4,6854661,36437089
2026-08-07 21:24:36.770140,TSLA,ask,12.3,9,6854662,36437091
2026-08-07 21:24:36.776571,ASML,ask,47.7,4,6854663,36437092
2026-08-07 21:24:36.782870,AAPL,ask,123.4,1,6854664,36437093
2026-08-07 21:24:36.789239,OB5X_202703_F,bid,130.20000000000002,4,6854665,36437094
2026-08-07 21:24:38.066796,NVDA,bid,37.7,4,6854685,36437197
2026-08-07 21:24:38.071929,TSLA,bid,12.100000000000001,9,6854686,36437198
2026-08-07 21:24:38.077156,ASML,bid,47.800000000000004,4,6854687,36437199
2026-08-07 21:24:38.081914,AAPL,bid,123.7,1,6854688,36437200
2026-08-07 21:24:38.086724,OB5X_202706_F,ask,131.3,4,6854689,36437201
2026-08-07 21:24:40.737625,OB5X_ETF,ask,34.6,192,6854726,36437384
2026-08-07 21:24:40.731879,OB5X_202706_F,bid,131.1,47,6854725,36437383
2026-08-07 21:24:41.999883,NVDA,ask,37.4,4,6854749,36437481
2026-08-07 21:24:42.005420,TSLA,ask,12.200000000000001,9,6854750,36437482
2026-08-07 21:24:42.012943,ASML,ask,47.7,4,6854751,36437483
2026-08-07 21:24:42.018182,AAPL,ask,123.60000000000001,1,6854752,36437485
2026-08-07 21:24:42.023531,OB5X_ETF,bid,34.5,16,6854753,36437487
2026-08-07 21:24:44.191004,OB5X_ETF,bid,34.5,16,6854779,36437627
2026-08-07 21:24:44.195714,OB5X_202706_F,ask,131.1,4,6854780,36437629
2026-08-07 21:24:44.269569,OB5X_ETF,ask,34.6,16,6854784,36437639
2026-08-07 21:24:44.264494,OB5X_202703_F,bid,130.0,4,6854783,36437638
2026-08-07 21:24:44.302408,OB5X_ETF,ask,34.6,16,6854788,36437644
2026-08-07 21:24:44.297706,OB5X_202612_F,bid,129.1,4,6854787,36437643
2026-08-07 21:24:47.430272,OB5X_ETF,bid,34.5,192,6854831,36437886
2026-08-07 21:24:47.436522,OB5X_202706_F,ask,131.1,47,6854832,36437887
2026-08-07 21:24:50.652554,OB5X_ETF,ask,34.6,192,6854876,36438121
2026-08-07 21:24:50.639802,OB5X_202703_F,bid,130.20000000000002,47,6854873,36438117
2026-08-07 21:24:55.587475,OB5X_ETF,bid,34.5,192,6854936,36438472
2026-08-07 21:24:55.593907,OB5X_202703_F,ask,129.9,47,6854937,36438474
2026-08-07 21:25:03.299852,OB5X_ETF,ask,34.7,132,6855064,36439046
2026-08-07 21:25:03.293850,OB5X_202703_F,bid,130.3,33,6855063,36439045
2026-08-07 21:25:03.368525,OB5X_ETF,ask,34.7,36,6855067,36439062
2026-08-07 21:25:03.359952,OB5X_202612_F,bid,129.3,9,6855066,36439058
2026-08-07 21:25:03.406438,OB5X_ETF,ask,34.7,24,6855070,36439065
2026-08-07 21:25:03.394250,OB5X_202706_F,bid,131.3,6,6855068,36439063
2026-08-07 21:25:06.543688,OB5X_ETF,bid,34.6,192,6855121,36439292
2026-08-07 21:25:06.549200,OB5X_202703_F,ask,130.3,47,6855122,36439293
2026-08-07 21:25:12.383705,NVDA,bid,37.5,4,6855192,36439684
2026-08-07 21:25:12.392427,TSLA,bid,12.4,9,6855194,36439686
2026-08-07 21:25:12.400195,ASML,bid,47.6,4,6855195,36439687
2026-08-07 21:25:12.437583,AAPL,bid,123.7,1,6855197,36439699
2026-08-07 21:25:12.443909,OB5X_202706_F,ask,133.0,4,6855198,36439701
2026-08-07 21:25:15.990398,OB5X_ETF,ask,34.6,192,6855261,36439950
2026-08-07 21:25:15.984910,OB5X_202706_F,bid,130.70000000000002,47,6855260,36439948
2026-08-07 21:25:17.062084,NVDA,ask,37.6,4,6855294,36440062
2026-08-07 21:25:17.069343,TSLA,ask,12.100000000000001,9,6855295,36440064
2026-08-07 21:25:17.074467,ASML,ask,47.5,4,6855296,36440065
2026-08-07 21:25:17.079548,AAPL,ask,123.5,1,6855297,36440066
2026-08-07 21:25:17.084626,OB5X_202703_F,bid,129.70000000000002,4,6855298,36440067
2026-08-07 21:25:33.297004,NVDA,bid,37.5,4,6855486,36441177
2026-08-07 21:25:33.302549,TSLA,bid,11.9,9,6855487,36441178
2026-08-07 21:25:33.307793,ASML,bid,47.5,4,6855488,36441179
2026-08-07 21:25:33.314906,AAPL,bid,123.9,1,6855490,36441181
2026-08-07 21:25:33.322188,OB5X_202612_F,ask,128.4,4,6855492,36441184
2026-08-07 21:25:33.802034,NVDA,ask,37.4,4,6855508,36441241
2026-08-07 21:25:33.807928,TSLA,ask,12.100000000000001,9,6855509,36441242
2026-08-07 21:25:33.815568,ASML,ask,47.5,4,6855510,36441243
2026-08-07 21:25:33.829685,AAPL,ask,123.80000000000001,1,6855511,36441248
2026-08-07 21:25:33.837946,OB5X_202612_F,bid,128.20000000000002,4,6855512,36441251
2026-08-07 21:25:38.630375,NVDA,bid,37.5,4,6855601,36441604
2026-08-07 21:25:38.636418,TSLA,bid,12.200000000000001,9,6855602,36441605
2026-08-07 21:25:38.641556,ASML,bid,47.5,4,6855603,36441606
2026-08-07 21:25:38.646582,AAPL,bid,123.9,1,6855604,36441607
2026-08-07 21:25:38.651628,OB5X_202703_F,ask,130.1,4,6855605,36441608
2026-08-07 21:25:41.166240,NVDA,ask,37.5,4,6855632,36441792
2026-08-07 21:25:41.171796,TSLA,ask,12.200000000000001,9,6855633,36441793
2026-08-07 21:25:41.177310,ASML,ask,47.400000000000006,4,6855634,36441794
2026-08-07 21:25:41.182850,AAPL,ask,123.7,1,6855635,36441795
2026-08-07 21:25:41.188319,OB5X_202703_F,bid,129.8,4,6855636,36441796
2026-08-07 21:25:44.584966,OB5X_ETF,bid,34.4,192,6855666,36442022
2026-08-07 21:25:44.591762,OB5X_202706_F,ask,130.5,47,6855667,36442023
2026-08-07 21:26:01.395595,OB5X_ETF,ask,34.5,192,6855916,36443211
2026-08-07 21:26:01.390839,OB5X_202706_F,bid,130.70000000000002,47,6855915,36443210
2026-08-07 21:26:06.790255,OB5X_ETF,bid,34.4,192,6855995,36443596
2026-08-07 21:26:06.796941,OB5X_202703_F,ask,129.9,47,6855996,36443597
2026-08-07 21:26:07.482145,NVDA,bid,37.7,4,6856006,36443643
2026-08-07 21:26:07.487446,TSLA,bid,12.0,9,6856007,36443645
2026-08-07 21:26:07.492258,ASML,bid,47.6,4,6856008,36443646
2026-08-07 21:26:07.497060,AAPL,bid,123.60000000000001,1,6856009,36443647
2026-08-07 21:26:07.502083,OB5X_202703_F,ask,129.9,4,6856010,36443648
2026-08-07 21:26:10.931130,OB5X_ETF,ask,34.5,100,6856066,36443910
2026-08-07 21:26:10.925572,OB5X_202706_F,bid,130.6,24,6856065,36443909
2026-08-07 21:26:13.136961,OB5X_ETF,bid,34.4,100,6856094,36444062
2026-08-07 21:26:13.142681,OB5X_202706_F,ask,130.5,24,6856095,36444063
2026-08-07 21:26:14.179853,NVDA,ask,37.5,4,6856116,36444126
2026-08-07 21:26:14.185033,TSLA,ask,12.100000000000001,9,6856117,36444127
2026-08-07 21:26:14.192895,ASML,ask,47.6,4,6856118,36444128
2026-08-07 21:26:14.227458,AAPL,ask,124.0,1,6856119,36444140
2026-08-07 21:26:14.232492,OB5X_202703_F,bid,129.70000000000002,4,6856120,36444141
2026-08-07 21:26:22.569009,OB5X_ETF,ask,34.6,192,6856254,36444749
2026-08-07 21:26:22.563211,OB5X_202703_F,bid,129.8,47,6856253,36444748
2026-08-07 21:26:32.993378,OB5X_ETF,bid,34.5,32,6856403,36445474
2026-08-07 21:26:32.998497,OB5X_202706_F,ask,130.9,8,6856404,36445475
2026-08-07 21:26:33.105193,OB5X_ETF,bid,34.5,160,6856405,36445481
2026-08-07 21:26:33.110717,OB5X_202703_F,ask,129.9,39,6856406,36445482
2026-08-07 21:26:35.213267,NVDA,bid,37.6,4,6856432,36445645
2026-08-07 21:26:35.220321,TSLA,bid,12.0,9,6856433,36445646
2026-08-07 21:26:35.227941,AAPL,bid,124.2,1,6856434,36445649
2026-08-07 21:26:35.233680,OB5X_202612_F,ask,128.9,4,6856435,36445651
2026-08-07 21:26:35.628162,OB5X_ETF,ask,34.4,192,6856452,36445691
2026-08-07 21:26:35.622992,OB5X_202703_F,bid,129.3,47,6856451,36445690
2026-08-07 21:26:44.435757,OB5X_ETF,bid,34.4,192,6856625,36446333
2026-08-07 21:26:44.441056,OB5X_202706_F,ask,130.6,47,6856626,36446335
2026-08-07 21:27:22.864769,OB5X_ETF,ask,34.7,192,6857219,36449091
2026-08-07 21:27:22.859503,OB5X_202703_F,bid,129.9,47,6857218,36449089
2026-08-07 21:27:29.202321,OB5X_ETF,bid,34.6,192,6857335,36449575
2026-08-07 21:27:29.208789,OB5X_202612_F,ask,129.20000000000002,48,6857336,36449576
2026-08-07 21:27:29.886649,OB5X_ETF,ask,34.4,192,6857347,36449622
2026-08-07 21:27:29.880927,OB5X_202612_F,bid,128.3,48,6857346,36449620
2026-08-07 21:27:41.850273,OB5X_ETF,bid,34.7,192,6857527,36450479
2026-08-07 21:27:41.856244,OB5X_202703_F,ask,130.6,47,6857528,36450480
2026-08-07 21:27:43.490669,OB5X_ETF,ask,34.7,192,6857569,36450606
2026-08-07 21:27:43.484649,OB5X_202706_F,bid,131.5,47,6857568,36450605
2026-08-07 21:28:05.895045,ASML_202612_050P,bid,31.5,45,6857871,36438607
2026-08-07 21:28:05.937654,ASML,bid,48.1,9,6857873,36452206
2026-08-07 21:28:07.082989,NVDA,ask,37.7,9,6857888,36452288
2026-08-07 21:28:07.088794,TSLA,ask,12.3,20,6857889,36452289
2026-08-07 21:28:07.099802,ASML,ask,48.0,8,6857890,36452291
2026-08-07 21:28:07.105284,SAP,ask,47.1,1,6857891,36452292
2026-08-07 21:28:07.110396,AAPL,ask,124.0,1,6857892,36452293
2026-08-07 21:28:07.116002,OB5X_202703_F,bid,130.5,9,6857893,36452294
2026-08-07 21:28:07.237176,NVDA,ask,37.5,1,6857896,36452306
2026-08-07 21:28:07.248857,TSLA,ask,12.3,2,6857898,36452308
2026-08-07 21:28:07.255723,OB5X_202612_F,bid,129.4,1,6857899,36452310
2026-08-07 21:28:11.520169,NVDA,ask,37.6,1,6857948,36452619
2026-08-07 21:28:11.525339,TSLA,ask,12.100000000000001,2,6857949,36452620
2026-08-07 21:28:11.530432,ASML,ask,47.900000000000006,1,6857950,36452621
2026-08-07 21:28:11.535887,OB5X_202706_F,bid,131.0,1,6857951,36452622
2026-08-07 21:28:20.244605,NVDA,bid,37.7,10,6858083,36453255
2026-08-07 21:28:20.249602,TSLA,bid,11.9,22,6858084,36453256
2026-08-07 21:28:20.254515,ASML,bid,48.1,9,6858085,36453257
2026-08-07 21:28:20.259342,SAP,bid,47.5,1,6858086,36453258
2026-08-07 21:28:20.265743,AAPL,bid,124.2,1,6858087,36453259
2026-08-07 21:28:20.270683,OB5X_202706_F,ask,131.3,10,6858088,36453260
2026-08-07 21:28:21.555795,NVDA,ask,37.800000000000004,9,6858102,36453346
2026-08-07 21:28:21.565363,TSLA,ask,12.100000000000001,20,6858104,36453349
2026-08-07 21:28:21.571377,ASML,ask,48.0,8,6858105,36453351
2026-08-07 21:28:21.576432,SAP,ask,47.300000000000004,1,6858106,36453352
2026-08-07 21:28:21.583459,OB5X_202703_F,bid,130.4,9,6858107,36453355
2026-08-07 21:28:21.855757,NVDA,ask,37.9,1,6858111,36453374
2026-08-07 21:28:21.861249,TSLA,ask,12.100000000000001,2,6858112,36453375
2026-08-07 21:28:21.868723,ASML,ask,48.0,1,6858114,36453377
2026-08-07 21:28:21.875483,OB5X_202703_F,bid,130.4,1,6858115,36453379
2026-08-07 21:28:25.077226,OB5X_ETF,bid,34.6,192,6858163,36453611
2026-08-07 21:28:25.083841,OB5X_202706_F,ask,131.20000000000002,47,6858164,36453613
2026-08-07 21:28:56.407715,ASML_202612_100C,ask,24.0,17,6858600,36452312
2026-08-07 21:28:56.483763,ASML,bid,48.300000000000004,12,6858603,36455905
2026-08-07 21:29:01.071506,NVDA,bid,37.9,10,6858681,36456264
2026-08-07 21:29:01.077014,TSLA,bid,12.0,22,6858682,36456265
2026-08-07 21:29:01.081889,ASML,bid,48.400000000000006,9,6858683,36456266
2026-08-07 21:29:01.086638,SAP,bid,47.5,1,6858684,36456267
2026-08-07 21:29:01.093339,AAPL,bid,123.80000000000001,1,6858685,36456268
2026-08-07 21:29:01.098047,OB5X_ETF,ask,34.800000000000004,40,6858686,36456269
2026-08-07 21:29:01.153185,OB5X_ETF,ask,34.800000000000004,152,6858688,36456272
2026-08-07 21:29:01.147162,OB5X_202706_F,bid,131.9,37,6858687,36456271
2026-08-07 21:29:04.233893,OB5X_ETF,bid,34.7,192,6858728,36456504
2026-08-07 21:29:04.239466,OB5X_202612_F,ask,129.6,48,6858729,36456505
2026-08-07 21:29:04.365427,NVDA,ask,37.800000000000004,22,6858731,36456521
2026-08-07 21:29:04.371363,TSLA,ask,12.100000000000001,52,6858732,36456522
2026-08-07 21:29:04.376383,ASML,ask,48.300000000000004,21,6858733,36456523
2026-08-07 21:29:04.381624,SAP,ask,47.2,3,6858734,36456524
2026-08-07 21:29:04.386768,AAPL,ask,123.7,3,6858735,36456525
2026-08-07 21:29:04.394971,OB5X_202706_F,bid,131.6,23,6858737,36456527
2026-08-07 21:29:16.921629,OB5X_ETF,ask,34.800000000000004,192,6858923,36457454
2026-08-07 21:29:16.915557,OB5X_202612_F,bid,129.9,48,6858922,36457453
2026-08-07 21:29:28.603251,NVDA,bid,38.1,23,6859097,36458312
2026-08-07 21:29:28.610252,TSLA,bid,11.9,54,6859098,36458314
2026-08-07 21:29:28.615415,ASML,bid,48.400000000000006,22,6859099,36458315
2026-08-07 21:29:28.622418,SAP,bid,47.1,3,6859100,36458316
2026-08-07 21:29:28.629133,AAPL,bid,123.9,3,6859101,36458317
2026-08-07 21:29:28.635616,OB5X_202706_F,ask,131.8,24,6859102,36458320
2026-08-07 21:29:29.149620,ASML_202612_100P,ask,74.7,39,6859108,36458354
2026-08-07 21:29:29.160160,ASML,ask,48.300000000000004,13,6859110,36458370
2026-08-07 21:29:32.516285,NVDA,ask,37.7,9,6859149,36458593
2026-08-07 21:29:32.521288,TSLA,ask,12.3,20,6859150,36458594
2026-08-07 21:29:32.526032,ASML,ask,48.300000000000004,8,6859151,36458595
2026-08-07 21:29:32.530892,SAP,ask,47.1,1,6859152,36458596
2026-08-07 21:29:32.535834,AAPL,ask,123.60000000000001,1,6859153,36458597
2026-08-07 21:29:32.540718,OB5X_202703_F,bid,130.9,9,6859154,36458598
2026-08-07 21:29:35.156976,NVDA,ask,37.800000000000004,1,6859183,36458795
2026-08-07 21:29:35.167084,TSLA,ask,12.4,2,6859184,36458797
2026-08-07 21:29:35.208868,ASML,ask,48.2,1,6859186,36458810
2026-08-07 21:29:35.216658,OB5X_ETF,bid,34.800000000000004,4,6859187,36458811
2026-08-07 21:29:39.423897,OB5X_ETF,bid,34.7,188,6859242,36459115
2026-08-07 21:29:39.429282,OB5X_202612_F,ask,129.6,47,6859243,36459116
2026-08-07 21:30:01.380770,NVDA,bid,38.0,9,6859554,36460741
2026-08-07 21:30:01.387064,TSLA,bid,12.0,20,6859555,36460742
2026-08-07 21:30:01.393230,ASML,bid,48.400000000000006,8,6859556,36460743
2026-08-07 21:30:01.401099,SAP,bid,47.2,1,6859557,36460744
2026-08-07 21:30:01.406473,AAPL,bid,123.9,1,6859558,36460745
2026-08-07 21:30:01.411612,OB5X_202703_F,ask,130.8,9,6859559,36460746
2026-08-07 21:30:05.331686,NVDA,ask,37.800000000000004,8,6859609,36461016
2026-08-07 21:30:05.338703,TSLA,ask,12.3,18,6859610,36461017
2026-08-07 21:30:05.344561,ASML,ask,48.1,7,6859611,36461018
2026-08-07 21:30:05.350050,SAP,ask,47.0,1,6859612,36461019
2026-08-07 21:30:05.355414,AAPL,ask,123.60000000000001,1,6859613,36461020
2026-08-07 21:30:05.360962,OB5X_202612_F,bid,129.8,8,6859614,36461021
2026-08-07 21:30:53.928542,NVDA,ask,37.800000000000004,1,6860281,36464522
2026-08-07 21:30:53.933868,TSLA,ask,12.200000000000001,2,6860282,36464523
2026-08-07 21:30:53.939500,ASML,ask,48.5,1,6860283,36464524
2026-08-07 21:30:53.944887,OB5X_202706_F,bid,131.8,1,6860284,36464525
2026-08-07 21:30:56.929185,OB5X_ETF,ask,34.800000000000004,192,6860342,36464746
2026-08-07 21:30:56.923737,OB5X_202612_F,bid,129.8,48,6860341,36464744
2026-08-07 21:30:59.924105,OB5X_ETF,bid,34.7,60,6860392,36464990
2026-08-07 21:30:59.933321,OB5X_202612_F,ask,130.0,15,6860393,36464992
2026-08-07 21:31:00.723145,NVDA,bid,37.9,9,6860401,36465052
2026-08-07 21:31:00.733374,TSLA,bid,12.100000000000001,20,6860402,36465053
2026-08-07 21:31:00.738642,ASML,bid,48.5,8,6860403,36465054
2026-08-07 21:31:00.744379,SAP,bid,47.5,1,6860404,36465056
2026-08-07 21:31:00.755765,AAPL,bid,123.7,1,6860406,36465058
2026-08-07 21:31:00.761584,OB5X_202612_F,ask,130.0,9,6860407,36465060
2026-08-07 21:31:01.419611,OB5X_ETF,bid,34.6,132,6860419,36465102
2026-08-07 21:31:01.427253,OB5X_202612_F,ask,130.0,33,6860420,36465103
2026-08-07 21:31:11.398010,NVDA,ask,38.0,8,6860565,36465854
2026-08-07 21:31:11.406014,TSLA,ask,12.100000000000001,18,6860566,36465855
2026-08-07 21:31:11.411407,ASML,ask,48.400000000000006,7,6860567,36465857
2026-08-07 21:31:11.416977,SAP,ask,47.300000000000004,1,6860568,36465859
2026-08-07 21:31:11.422699,AAPL,ask,123.4,1,6860569,36465860
2026-08-07 21:31:11.473859,OB5X_202703_F,bid,130.70000000000002,8,6860572,36465873
2026-08-07 21:31:30.927859,NVDA,ask,37.9,1,6860875,36467337
2026-08-07 21:31:30.934050,TSLA,ask,12.100000000000001,2,6860876,36467338
2026-08-07 21:31:30.939312,ASML,ask,48.2,1,6860877,36467339
2026-08-07 21:31:30.946472,OB5X_202706_F,bid,131.5,1,6860878,36467340
2026-08-07 21:31:33.100396,OB5X_ETF,ask,34.800000000000004,192,6860913,36467473
2026-08-07 21:31:33.094093,OB5X_202612_F,bid,129.6,48,6860912,36467472
2026-08-07 21:31:39.416332,OB5X_ETF,bid,34.7,192,6861025,36467984
2026-08-07 21:31:39.421380,OB5X_202612_F,ask,129.8,48,6861026,36467985
2026-08-07 21:32:04.852580,NVDA,bid,37.800000000000004,9,6861419,36469861
2026-08-07 21:32:04.857659,TSLA,bid,11.8,20,6861420,36469862
2026-08-07 21:32:04.862803,ASML,bid,48.400000000000006,8,6861421,36469863
2026-08-07 21:32:04.867689,SAP,bid,47.1,1,6861422,36469864
2026-08-07 21:32:04.872336,AAPL,bid,124.0,1,6861423,36469865
2026-08-07 21:32:04.881208,OB5X_202703_F,ask,130.70000000000002,9,6861424,36469870
2026-08-07 21:32:11.001886,NVDA,ask,37.800000000000004,8,6861500,36470306
2026-08-07 21:32:11.007054,TSLA,ask,12.100000000000001,18,6861501,36470308
2026-08-07 21:32:11.012002,ASML,ask,48.400000000000006,7,6861502,36470309
2026-08-07 21:32:11.016951,SAP,ask,47.0,1,6861503,36470310
2026-08-07 21:32:11.021874,AAPL,ask,124.0,1,6861504,36470311
2026-08-07 21:32:11.028441,OB5X_202706_F,bid,131.6,8,6861505,36470313
2026-08-07 21:32:11.252397,NVDA,ask,37.800000000000004,1,6861516,36470334
2026-08-07 21:32:11.259093,TSLA,ask,12.100000000000001,2,6861517,36470335
2026-08-07 21:32:11.266329,ASML,ask,48.400000000000006,1,6861518,36470336
2026-08-07 21:32:11.273099,OB5X_202706_F,bid,131.6,1,6861519,36470338
2026-08-07 21:32:47.379362,NVDA,bid,37.7,9,6862071,36473026
2026-08-07 21:32:47.390567,TSLA,bid,12.200000000000001,20,6862073,36473028
2026-08-07 21:32:47.400583,ASML,bid,48.400000000000006,8,6862075,36473030
2026-08-07 21:32:47.406584,SAP,bid,47.1,1,6862076,36473031
2026-08-07 21:32:47.412042,AAPL,bid,123.80000000000001,1,6862077,36473032
2026-08-07 21:32:47.418497,OB5X_202706_F,ask,132.1,9,6862078,36473033
2026-08-07 21:33:04.951844,OB5X_ETF,ask,34.800000000000004,192,6862330,36474326
2026-08-07 21:33:04.942054,OB5X_202612_F,bid,129.70000000000002,48,6862328,36474324
2026-08-07 21:33:09.847528,NVDA,ask,37.9,8,6862394,36474697
2026-08-07 21:33:09.855278,TSLA,ask,12.100000000000001,18,6862395,36474699
2026-08-07 21:33:09.860111,ASML,ask,48.2,7,6862396,36474700
2026-08-07 21:33:09.864732,SAP,ask,47.0,1,6862397,36474701
2026-08-07 21:33:09.869288,AAPL,ask,123.30000000000001,1,6862398,36474702
2026-08-07 21:33:09.874357,OB5X_ETF,bid,34.7,32,6862399,36474703
2026-08-07 21:33:14.425432,OB5X_ETF,bid,34.6,160,6862461,36475028
2026-08-07 21:33:14.431111,OB5X_202612_F,ask,129.5,40,6862462,36475029
2026-08-07 21:33:15.995065,ASML_202612_075P,bid,52.400000000000006,16,6862498,36474706
2026-08-07 21:33:30.819761,NVDA,ask,38.0,1,6862732,36476286
2026-08-07 21:33:30.824865,TSLA,ask,12.100000000000001,2,6862733,36476289
2026-08-07 21:33:30.831681,ASML,ask,48.300000000000004,1,6862734,36476290
2026-08-07 21:33:30.836647,OB5X_202612_F,bid,129.5,1,6862735,36476291
2026-08-07 21:33:36.898603,NVDA,bid,37.800000000000004,9,6862832,36476741
2026-08-07 21:33:36.907184,TSLA,bid,11.9,20,6862833,36476742
2026-08-07 21:33:36.912807,ASML,bid,48.300000000000004,8,6862834,36476744
2026-08-07 21:33:36.918439,SAP,bid,47.1,1,6862835,36476746
2026-08-07 21:33:36.928317,AAPL,bid,123.4,1,6862838,36476748
2026-08-07 21:33:36.942082,OB5X_202703_F,ask,130.6,9,6862841,36476751
2026-08-07 21:33:37.389733,NVDA,ask,37.800000000000004,8,6862854,36476783
2026-08-07 21:33:37.398875,TSLA,ask,12.0,18,6862856,36476786
2026-08-07 21:33:37.403597,ASML,ask,48.400000000000006,7,6862857,36476787
2026-08-07 21:33:37.408606,SAP,ask,47.0,1,6862858,36476788
2026-08-07 21:33:37.413446,AAPL,ask,123.2,1,6862859,36476789
2026-08-07 21:33:37.418442,OB5X_202703_F,bid,130.20000000000002,8,6862860,36476790
2026-08-07 21:33:37.453266,NVDA,ask,37.800000000000004,1,6862861,36476791
2026-08-07 21:33:37.459240,TSLA,ask,12.0,2,6862862,36476792
2026-08-07 21:33:37.464520,ASML,ask,48.400000000000006,1,6862863,36476793
2026-08-07 21:33:37.469805,OB5X_202706_F,bid,131.20000000000002,1,6862864,36476794
2026-08-07 21:33:49.218502,OB5X_ETF,ask,34.7,192,6863027,36477646
2026-08-07 21:33:49.212884,OB5X_202703_F,bid,130.5,47,6863026,36477644
2026-08-07 21:33:52.430751,OB5X_ETF,bid,34.6,192,6863090,36477870
2026-08-07 21:33:52.436203,OB5X_202703_F,ask,130.20000000000002,47,6863091,36477871
2026-08-07 21:34:01.346885,ASML_202612_100P,bid,74.60000000000001,5,6863223,36478528
2026-08-07 21:34:04.762152,ASML_202612_100P,bid,74.60000000000001,34,6863284,36478528
2026-08-07 21:34:04.788805,ASML,bid,48.1,17,6863286,36478778
2026-08-07 21:34:07.585893,NVDA,ask,37.800000000000004,17,6863339,36479001
2026-08-07 21:34:07.591088,TSLA,ask,12.0,40,6863340,36479003
2026-08-07 21:34:07.596169,ASML,ask,48.1,16,6863341,36479004
2026-08-07 21:34:07.601145,SAP,ask,47.0,2,6863342,36479005
2026-08-07 21:34:07.606197,AAPL,ask,123.5,2,6863343,36479006
2026-08-07 21:34:07.611300,OB5X_202703_F,bid,130.0,18,6863344,36479007
2026-08-07 21:34:07.697406,NVDA,ask,37.800000000000004,1,6863345,36479018
2026-08-07 21:34:07.704471,TSLA,ask,12.0,2,6863346,36479020
2026-08-07 21:34:07.709535,ASML,ask,48.1,1,6863347,36479021
2026-08-07 21:34:07.714413,OB5X_202706_F,bid,131.0,1,6863348,36479022
2026-08-07 21:34:19.305739,NVDA,bid,37.6,27,6863551,36479876
2026-08-07 21:34:19.311734,TSLA,bid,12.100000000000001,63,6863552,36479877
2026-08-07 21:34:19.317039,ASML,bid,48.0,25,6863553,36479878
2026-08-07 21:34:19.324462,SAP,bid,47.2,3,6863554,36479879
2026-08-07 21:34:19.329904,AAPL,bid,123.7,4,6863555,36479881
2026-08-07 21:34:19.337405,OB5X_202703_F,ask,130.3,28,6863557,36479883
2026-08-07 21:34:21.062404,ASML_202612_050P,ask,31.8,40,6863582,36479891
2026-08-07 21:34:21.113268,ASML,ask,48.1,9,6863583,36480009
2026-08-07 21:34:24.101495,ASML_202612_100C,bid,23.700000000000003,17,6863636,36480019
2026-08-07 21:34:24.152777,ASML,ask,48.0,12,6863638,36480262
2026-08-07 21:34:48.054012,NVDA,ask,37.5,4,6863983,36481999
2026-08-07 21:34:48.058717,TSLA,ask,12.4,9,6863984,36482000
2026-08-07 21:34:48.063362,ASML,ask,47.900000000000006,4,6863985,36482001
2026-08-07 21:34:48.067932,AAPL,ask,123.2,1,6863986,36482003
2026-08-07 21:34:48.074129,OB5X_202706_F,bid,131.0,4,6863988,36482005
2026-08-07 21:35:02.040910,NVDA,bid,37.7,4,6864179,36482988
2026-08-07 21:35:02.048200,TSLA,bid,12.100000000000001,9,6864180,36482989
2026-08-07 21:35:02.054168,ASML,bid,48.0,4,6864181,36482990
2026-08-07 21:35:02.059733,AAPL,bid,123.60000000000001,1,6864182,36482991
2026-08-07 21:35:02.065127,OB5X_202612_F,ask,129.4,4,6864183,36482992
2026-08-07 21:36:05.467348,NVDA,ask,37.9,4,6865051,36487577
2026-08-07 21:36:05.475149,TSLA,ask,12.200000000000001,9,6865052,36487578
2026-08-07 21:36:05.482515,ASML,ask,47.7,4,6865053,36487580
2026-08-07 21:36:05.493680,AAPL,ask,122.80000000000001,1,6865054,36487582
2026-08-07 21:36:05.502719,OB5X_202703_F,bid,130.20000000000002,4,6865055,36487583
2026-08-07 21:36:25.200399,NVDA,bid,38.1,4,6865347,36489031
2026-08-07 21:36:25.205472,TSLA,bid,11.8,9,6865348,36489032
2026-08-07 21:36:25.210675,ASML,bid,48.0,4,6865349,36489033
2026-08-07 21:36:25.215697,AAPL,bid,123.60000000000001,1,6865350,36489034
2026-08-07 21:36:25.220500,OB5X_202703_F,ask,130.1,4,6865351,36489035
2026-08-07 21:36:35.066890,NVDA,ask,38.1,4,6865499,36489732
2026-08-07 21:36:35.080748,TSLA,ask,12.0,9,6865501,36489734
2026-08-07 21:36:35.086013,ASML,ask,48.1,4,6865502,36489736
2026-08-07 21:36:35.092796,AAPL,ask,123.5,1,6865503,36489739
2026-08-07 21:36:35.098160,OB5X_202703_F,bid,130.5,4,6865504,36489741
2026-08-07 21:36:52.335991,ASML_202612_075P,bid,52.5,16,6865737,36489712
2026-08-07 21:37:05.125258,NVDA,bid,37.6,4,6865912,36491853
2026-08-07 21:37:05.133192,TSLA,bid,12.100000000000001,9,6865914,36491855
2026-08-07 21:37:05.141284,ASML,bid,48.0,4,6865916,36491857
2026-08-07 21:37:05.148998,AAPL,bid,122.9,1,6865918,36491859
2026-08-07 21:37:05.155613,OB5X_202706_F,ask,131.20000000000002,4,6865920,36491861
2026-08-07 21:37:14.417754,NVDA,ask,37.4,4,6866053,36492530
2026-08-07 21:37:14.422947,TSLA,ask,12.0,9,6866054,36492531
2026-08-07 21:37:14.428024,ASML,ask,47.900000000000006,4,6866055,36492532
2026-08-07 21:37:14.433045,AAPL,ask,123.0,1,6866056,36492533
2026-08-07 21:37:14.438021,OB5X_202703_F,bid,129.4,4,6866057,36492534
2026-08-07 21:37:15.346380,OB5X_ETF,ask,34.6,184,6866078,36492605
2026-08-07 21:37:15.339671,OB5X_202703_F,bid,129.4,45,6866077,36492604
2026-08-07 21:37:15.378262,OB5X_ETF,ask,34.6,8,6866080,36492607
2026-08-07 21:37:15.371976,OB5X_202612_F,bid,128.4,2,6866079,36492606
2026-08-07 21:37:16.879402,OB5X_ETF,bid,34.5,192,6866105,36492716
2026-08-07 21:37:16.885578,OB5X_202703_F,ask,130.0,47,6866106,36492718
2026-08-07 21:37:38.789722,NVDA,bid,37.7,4,6866425,36494263
2026-08-07 21:37:38.796885,TSLA,bid,12.0,9,6866426,36494264
2026-08-07 21:37:38.806843,ASML,bid,47.900000000000006,4,6866427,36494265
2026-08-07 21:37:38.817350,AAPL,bid,123.0,1,6866429,36494267
2026-08-07 21:37:38.823416,OB5X_202706_F,ask,131.0,4,6866430,36494269
2026-08-07 21:37:42.255864,OB5X_ETF,ask,34.6,192,6866490,36494541
2026-08-07 21:37:42.242420,OB5X_202703_F,bid,130.1,47,6866489,36494537
2026-08-07 21:37:50.024542,OB5X_ETF,bid,34.5,192,6866606,36495088
2026-08-07 21:37:50.031037,OB5X_202703_F,ask,129.8,47,6866607,36495089
2026-08-07 21:37:53.192335,NVDA,ask,37.5,4,6866652,36495318
2026-08-07 21:37:53.199878,TSLA,ask,12.100000000000001,9,6866653,36495319
2026-08-07 21:37:53.205066,ASML,ask,47.800000000000004,4,6866654,36495320
2026-08-07 21:37:53.210899,AAPL,ask,122.60000000000001,1,6866655,36495321
2026-08-07 21:37:53.216509,OB5X_202706_F,bid,130.6,4,6866656,36495322
2026-08-07 21:37:53.259222,OB5X_ETF,ask,34.5,192,6866660,36495327
2026-08-07 21:37:53.253230,OB5X_202706_F,bid,130.6,47,6866659,36495326
2026-08-07 21:37:56.363120,OB5X_ETF,bid,34.5,192,6866714,36495549
2026-08-07 21:37:56.369173,OB5X_202706_F,ask,131.20000000000002,47,6866715,36495550
2026-08-07 21:39:01.521511,NVDA,bid,37.5,4,6867650,36500217
2026-08-07 21:39:01.528649,TSLA,bid,11.8,9,6867651,36500218
2026-08-07 21:39:01.534143,ASML,bid,48.0,4,6867652,36500219
2026-08-07 21:39:01.539181,AAPL,bid,123.4,1,6867653,36500220
2026-08-07 21:39:01.544448,OB5X_202703_F,ask,129.6,4,6867654,36500221
2026-08-07 21:39:13.717613,NVDA,ask,37.4,4,6867823,36501056
2026-08-07 21:39:13.722433,TSLA,ask,12.100000000000001,9,6867824,36501057
2026-08-07 21:39:13.726995,ASML,ask,47.6,4,6867825,36501058
2026-08-07 21:39:13.731349,AAPL,ask,123.0,1,6867826,36501059
2026-08-07 21:39:13.735945,OB5X_202703_F,bid,129.5,4,6867827,36501060
2026-08-07 21:39:53.091420,NVDA,bid,37.6,4,6868375,36503837
2026-08-07 21:39:53.096572,TSLA,bid,11.8,9,6868376,36503839
2026-08-07 21:39:53.102247,ASML,bid,47.6,4,6868377,36503841
2026-08-07 21:39:53.107608,AAPL,bid,123.4,1,6868378,36503842
2026-08-07 21:39:53.112735,OB5X_202706_F,ask,130.8,4,6868379,36503843
2026-08-07 21:39:58.917754,NVDA,ask,37.6,4,6868459,36504257
2026-08-07 21:39:58.922650,TSLA,ask,12.0,9,6868460,36504258
2026-08-07 21:39:58.927700,ASML,ask,47.6,4,6868461,36504259
2026-08-07 21:39:58.934379,AAPL,ask,123.30000000000001,1,6868462,36504260
2026-08-07 21:39:58.939782,OB5X_202612_F,bid,128.4,4,6868463,36504262
2026-08-07 21:40:03.374136,NVDA,bid,37.800000000000004,4,6868534,36504596
2026-08-07 21:40:03.381623,TSLA,bid,11.9,9,6868535,36504598
2026-08-07 21:40:03.387860,ASML,bid,47.6,4,6868536,36504599
2026-08-07 21:40:03.394352,AAPL,bid,123.5,1,6868537,36504600
2026-08-07 21:40:03.400324,OB5X_202612_F,ask,128.8,4,6868538,36504601
2026-08-07 21:40:15.753999,OB5X_ETF,ask,34.5,192,6868737,36505507
2026-08-07 21:40:15.748917,OB5X_202706_F,bid,130.3,47,6868736,36505506
2026-08-07 21:40:23.789337,OB5X_ETF,bid,34.4,192,6868855,36506089
2026-08-07 21:40:23.795180,OB5X_202706_F,ask,130.5,47,6868856,36506090
2026-08-07 21:41:28.652223,NVDA,ask,37.5,4,6869700,36510634
2026-08-07 21:41:28.667080,TSLA,ask,12.0,9,6869703,36510637
2026-08-07 21:41:28.672033,ASML,ask,47.800000000000004,4,6869704,36510638
2026-08-07 21:41:28.677136,AAPL,ask,124.5,1,6869705,36510639
2026-08-07 21:41:28.682049,OB5X_202612_F,bid,128.70000000000002,4,6869706,36510640
2026-08-07 21:42:02.084230,NVDA,bid,37.6,4,6870163,36513000
2026-08-07 21:42:02.093754,TSLA,bid,11.8,9,6870164,36513002
2026-08-07 21:42:02.102709,ASML,bid,47.6,4,6870165,36513003
2026-08-07 21:42:02.108831,AAPL,bid,124.30000000000001,1,6870166,36513004
2026-08-07 21:42:02.114134,OB5X_202612_F,ask,128.5,4,6870167,36513005
2026-08-07 21:42:02.604765,NVDA,ask,37.7,4,6870178,36513046
2026-08-07 21:42:02.610319,TSLA,ask,11.9,9,6870179,36513048
2026-08-07 21:42:02.615831,ASML,ask,47.7,4,6870180,36513050
2026-08-07 21:42:02.621039,AAPL,ask,124.2,1,6870181,36513051
2026-08-07 21:42:02.626129,OB5X_202706_F,bid,130.5,4,6870182,36513053
2026-08-07 21:43:36.306051,NVDA,bid,37.800000000000004,4,6871456,36519671
2026-08-07 21:43:36.313087,TSLA,bid,11.600000000000001,9,6871457,36519672
2026-08-07 21:43:36.318509,ASML,bid,47.800000000000004,4,6871458,36519673
2026-08-07 21:43:36.324185,AAPL,bid,124.80000000000001,1,6871459,36519674
2026-08-07 21:43:36.330186,OB5X_202706_F,ask,131.1,4,6871460,36519676
2026-08-07 21:43:43.557765,NVDA,ask,37.800000000000004,4,6871588,36520196
2026-08-07 21:43:43.564581,TSLA,ask,12.0,9,6871589,36520197
2026-08-07 21:43:43.571336,ASML,ask,47.900000000000006,4,6871590,36520199
2026-08-07 21:43:43.578057,AAPL,ask,124.60000000000001,1,6871591,36520201
2026-08-07 21:43:43.583467,OB5X_202706_F,bid,131.20000000000002,4,6871592,36520202
2026-08-07 21:43:57.482597,NVDA,bid,37.800000000000004,4,6871797,36521188
2026-08-07 21:43:57.487803,TSLA,bid,11.9,9,6871798,36521189
2026-08-07 21:43:57.492765,ASML,bid,47.900000000000006,4,6871799,36521190
2026-08-07 21:43:57.498353,AAPL,bid,124.7,1,6871800,36521191
2026-08-07 21:43:57.503333,OB5X_202612_F,ask,129.4,4,6871801,36521192
2026-08-07 21:44:49.785162,OB5X_ETF,ask,34.800000000000004,192,6872550,36524877
2026-08-07 21:44:49.779816,OB5X_202706_F,bid,131.9,47,6872549,36524876
2026-08-07 21:45:05.605046,NVDA,ask,37.9,4,6872783,36526023
2026-08-07 21:45:05.610382,TSLA,ask,12.0,9,6872784,36526025
2026-08-07 21:45:05.617322,ASML,ask,47.900000000000006,4,6872785,36526027
2026-08-07 21:45:05.624313,AAPL,ask,124.9,1,6872786,36526029
2026-08-07 21:45:05.629772,OB5X_202612_F,bid,129.4,4,6872787,36526030
2026-08-07 21:45:10.901711,NVDA,bid,38.0,4,6872863,36526395
2026-08-07 21:45:10.906791,TSLA,bid,11.8,9,6872864,36526396
2026-08-07 21:45:10.913212,ASML,bid,48.300000000000004,4,6872865,36526398
2026-08-07 21:45:10.918111,AAPL,bid,125.30000000000001,1,6872866,36526400
2026-08-07 21:45:10.924235,OB5X_202706_F,ask,131.8,4,6872867,36526401
2026-08-07 21:45:14.701607,NVDA,ask,38.0,4,6872913,36526660
2026-08-07 21:45:14.709277,TSLA,ask,12.0,9,6872914,36526661
2026-08-07 21:45:14.715412,ASML,ask,47.900000000000006,4,6872915,36526662
2026-08-07 21:45:14.721243,AAPL,ask,124.9,1,6872916,36526664
2026-08-07 21:45:14.727128,OB5X_202612_F,bid,129.5,4,6872917,36526666
2026-08-07 21:45:35.842986,OB5X_ETF,bid,34.6,192,6873254,36528180
2026-08-07 21:45:35.850584,OB5X_202706_F,ask,131.4,47,6873255,36528182
2026-08-07 21:45:39.020130,OB5X_ETF,ask,34.800000000000004,192,6873307,36528416
2026-08-07 21:45:39.015016,OB5X_202612_F,bid,129.9,48,6873306,36528414
2026-08-07 21:45:42.173431,OB5X_ETF,bid,34.7,192,6873350,36528646
2026-08-07 21:45:42.179474,OB5X_202612_F,ask,129.8,48,6873351,36528647
2026-08-07 21:45:45.345803,OB5X_ETF,ask,34.800000000000004,192,6873405,36528875
2026-08-07 21:45:45.339734,OB5X_202703_F,bid,130.8,47,6873404,36528873
2026-08-07 21:45:48.522170,OB5X_ETF,bid,34.7,192,6873449,36529085
2026-08-07 21:45:48.529330,OB5X_202703_F,ask,130.9,47,6873450,36529086
2026-08-07 21:46:29.719349,OB5X_ETF,ask,34.800000000000004,192,6874056,36532015
2026-08-07 21:46:29.713997,OB5X_202703_F,bid,130.3,47,6874055,36532013
2026-08-07 21:46:31.194602,OB5X_ETF,bid,34.800000000000004,184,6874076,36532110
2026-08-07 21:46:31.202845,OB5X_202703_F,ask,131.1,45,6874077,36532113
2026-08-07 21:46:31.452264,OB5X_ETF,bid,34.800000000000004,4,6874080,36532128
2026-08-07 21:46:31.458795,OB5X_202703_F,ask,131.1,1,6874081,36532129
2026-08-07 21:46:33.468123,OB5X_ETF,bid,34.7,4,6874109,36532282
2026-08-07 21:46:33.478702,OB5X_202706_F,ask,131.70000000000002,1,6874111,36532284
2026-08-07 21:46:34.926059,NVDA,bid,37.800000000000004,4,6874136,36532376
2026-08-07 21:46:34.930966,TSLA,bid,11.8,9,6874137,36532377
2026-08-07 21:46:34.936378,ASML,bid,48.300000000000004,4,6874138,36532379
2026-08-07 21:46:34.941259,AAPL,bid,125.30000000000001,1,6874139,36532380
2026-08-07 21:46:34.946349,OB5X_202706_F,ask,131.70000000000002,4,6874140,36532381
2026-08-07 21:46:37.472992,OB5X_ETF,ask,34.800000000000004,192,6874167,36532545
2026-08-07 21:46:37.467010,OB5X_202703_F,bid,130.8,47,6874166,36532544
2026-08-07 21:46:40.200323,NVDA,ask,37.9,4,6874213,36532743
2026-08-07 21:46:40.215818,TSLA,ask,12.0,9,6874216,36532746
2026-08-07 21:46:40.226725,ASML,ask,48.300000000000004,4,6874218,36532748
2026-08-07 21:46:40.236013,AAPL,ask,125.4,1,6874219,36532749
2026-08-07 21:46:40.241822,OB5X_202612_F,bid,129.8,4,6874220,36532750
2026-08-07 21:46:45.508988,NVDA,bid,37.7,4,6874316,36533129
2026-08-07 21:46:45.515062,TSLA,bid,12.0,9,6874317,36533130
2026-08-07 21:46:45.521561,ASML,bid,48.400000000000006,4,6874318,36533132
2026-08-07 21:46:45.527308,AAPL,bid,125.7,1,6874319,36533133
2026-08-07 21:46:45.532766,OB5X_202706_F,ask,131.9,4,6874320,36533134
2026-08-07 21:46:51.903371,OB5X_ETF,bid,34.7,192,6874395,36533576
2026-08-07 21:46:51.909123,OB5X_202703_F,ask,130.70000000000002,47,6874396,36533577
2026-08-07 21:47:13.570002,OB5X_ETF,ask,34.7,192,6874664,36535088
2026-08-07 21:47:13.564717,OB5X_202706_F,bid,131.3,47,6874663,36535087
2026-08-07 21:47:14.114558,NVDA,ask,37.9,4,6874677,36535135
2026-08-07 21:47:14.122412,TSLA,ask,11.9,9,6874678,36535136
2026-08-07 21:47:14.127430,ASML,ask,48.0,4,6874679,36535137
2026-08-07 21:47:14.132301,AAPL,ask,125.80000000000001,1,6874680,36535138
2026-08-07 21:47:14.137327,OB5X_202612_F,bid,129.3,4,6874681,36535139
2026-08-07 21:47:17.013536,OB5X_ETF,bid,34.7,192,6874721,36535336
2026-08-07 21:47:17.018812,OB5X_202706_F,ask,131.70000000000002,47,6874722,36535337
2026-08-07 21:47:20.470086,OB5X_ETF,ask,34.9,192,6874778,36535608
2026-08-07 21:47:20.460874,OB5X_202703_F,bid,131.20000000000002,47,6874777,36535607
2026-08-07 21:47:27.433053,NVDA,bid,37.9,4,6874880,36536107
2026-08-07 21:47:27.444640,TSLA,bid,11.9,9,6874881,36536109
2026-08-07 21:47:27.451112,ASML,bid,48.1,4,6874882,36536110
2026-08-07 21:47:27.456982,AAPL,bid,126.0,1,6874883,36536111
2026-08-07 21:47:27.462790,OB5X_202703_F,ask,131.0,4,6874884,36536112
2026-08-07 21:47:30.053054,NVDA,ask,37.800000000000004,4,6874920,36536300
2026-08-07 21:47:30.058223,TSLA,ask,12.100000000000001,9,6874921,36536301
2026-08-07 21:47:30.063255,ASML,ask,48.0,4,6874922,36536302
2026-08-07 21:47:30.068511,AAPL,ask,125.9,1,6874923,36536303
2026-08-07 21:47:30.073632,OB5X_ETF,bid,34.7,16,6874924,36536304
2026-08-07 21:47:31.017547,OB5X_ETF,bid,34.7,176,6874932,36536352
2026-08-07 21:47:31.022806,OB5X_202706_F,ask,131.70000000000002,43,6874933,36536354
2026-08-07 21:47:35.365669,NVDA,bid,38.1,4,6874990,36536679
2026-08-07 21:47:35.378712,ASML,bid,48.2,4,6874992,36536684
2026-08-07 21:47:35.383838,AAPL,bid,126.10000000000001,1,6874993,36536685
2026-08-07 21:47:35.388975,OB5X_202703_F,ask,131.3,4,6874994,36536686
2026-08-07 21:47:36.274983,NVDA,bid,37.800000000000004,4,6875007,36536749
2026-08-07 21:47:36.280295,TSLA,bid,12.100000000000001,9,6875008,36536750
2026-08-07 21:47:36.285551,ASML,bid,48.2,4,6875009,36536751
2026-08-07 21:47:36.290776,AAPL,bid,126.10000000000001,1,6875010,36536752
2026-08-07 21:47:36.296091,OB5X_202706_F,ask,132.20000000000002,4,6875011,36536753
2026-08-07 21:47:40.221490,NVDA,ask,38.0,8,6875060,36537019
2026-08-07 21:47:40.227885,TSLA,ask,12.0,18,6875061,36537021
2026-08-07 21:47:40.234343,ASML,ask,48.2,7,6875062,36537022
2026-08-07 21:47:40.242267,SAP,ask,48.0,1,6875063,36537023
2026-08-07 21:47:40.247578,AAPL,ask,125.9,1,6875064,36537024
2026-08-07 21:47:40.252605,OB5X_202706_F,bid,131.8,8,6875065,36537025
2026-08-07 21:47:40.292477,NVDA,ask,38.0,1,6875066,36537026
2026-08-07 21:47:40.300845,TSLA,ask,12.0,2,6875067,36537028
2026-08-07 21:47:40.309235,ASML,ask,48.2,1,6875069,36537030
2026-08-07 21:47:40.314759,OB5X_202612_F,bid,129.8,1,6875070,36537031
2026-08-07 21:48:25.092734,NVDA,bid,37.9,9,6875732,36540260
2026-08-07 21:48:25.099648,TSLA,bid,12.0,20,6875733,36540261
2026-08-07 21:48:25.104930,ASML,bid,48.6,8,6875734,36540262
2026-08-07 21:48:25.109879,SAP,bid,47.400000000000006,1,6875735,36540263
2026-08-07 21:48:25.114808,AAPL,bid,125.60000000000001,1,6875736,36540264
2026-08-07 21:48:25.119857,OB5X_202706_F,ask,132.20000000000002,9,6875737,36540265
2026-08-07 21:49:09.918936,NVDA,ask,37.800000000000004,8,6876381,36543452
2026-08-07 21:49:09.924785,TSLA,ask,12.0,18,6876382,36543453
2026-08-07 21:49:09.930300,ASML,ask,48.2,7,6876383,36543455
2026-08-07 21:49:09.938935,SAP,ask,47.7,1,6876384,36543459
2026-08-07 21:49:09.943908,AAPL,ask,125.2,1,6876385,36543460
2026-08-07 21:49:09.951250,OB5X_202706_F,bid,131.6,8,6876387,36543462
2026-08-07 21:49:10.183550,NVDA,ask,37.800000000000004,1,6876391,36543482
2026-08-07 21:49:10.189763,TSLA,ask,12.0,2,6876392,36543483
2026-08-07 21:49:10.195065,ASML,ask,48.2,1,6876393,36543484
2026-08-07 21:49:10.200344,OB5X_202706_F,bid,131.6,1,6876394,36543485
2026-08-07 21:49:14.177950,NVDA,bid,37.9,9,6876458,36543781
2026-08-07 21:49:14.187716,TSLA,bid,12.0,20,6876459,36543783
2026-08-07 21:49:14.192760,ASML,bid,48.1,8,6876460,36543784
2026-08-07 21:49:14.199489,SAP,bid,47.800000000000004,1,6876461,36543785
2026-08-07 21:49:14.204792,AAPL,bid,125.30000000000001,1,6876462,36543786
2026-08-07 21:49:14.209861,OB5X_202612_F,ask,130.0,9,6876463,36543787
2026-08-07 21:49:55.612092,NVDA,ask,38.0,8,6877011,36546678
2026-08-07 21:49:55.619480,TSLA,ask,11.9,18,6877012,36546679
2026-08-07 21:49:55.624796,ASML,ask,48.300000000000004,7,6877013,36546680
2026-08-07 21:49:55.629789,SAP,ask,47.300000000000004,1,6877014,36546681
2026-08-07 21:49:55.634758,AAPL,ask,125.2,1,6877015,36546682
2026-08-07 21:49:55.646654,OB5X_202612_F,bid,129.3,8,6877018,36546685
2026-08-07 21:49:55.733063,OB5X_ETF,ask,34.7,192,6877022,36546702
2026-08-07 21:49:55.726616,OB5X_202706_F,bid,131.3,47,6877021,36546701
2026-08-07 21:49:55.880332,NVDA,ask,37.7,1,6877027,36546712
2026-08-07 21:49:55.885579,TSLA,ask,11.9,2,6877028,36546713
2026-08-07 21:49:55.890656,ASML,ask,48.300000000000004,1,6877029,36546714
2026-08-07 21:49:55.895521,OB5X_202706_F,bid,131.3,1,6877030,36546715
2026-08-07 21:49:56.611817,NVDA,bid,37.9,9,6877046,36546773
2026-08-07 21:49:56.617359,TSLA,bid,12.0,20,6877047,36546774
2026-08-07 21:49:56.622661,ASML,bid,48.400000000000006,8,6877048,36546775
2026-08-07 21:49:56.627543,SAP,bid,47.5,1,6877049,36546776
2026-08-07 21:49:56.634445,AAPL,bid,125.5,1,6877050,36546777
2026-08-07 21:49:56.642200,OB5X_202612_F,ask,130.1,9,6877051,36546778
2026-08-07 21:49:56.990232,OB5X_ETF,bid,34.7,176,6877057,36546810
2026-08-07 21:49:57.399646,OB5X_202703_F,ask,129.9,43,6877063,36546833
2026-08-07 21:49:57.514339,NVDA,ask,37.7,8,6877067,36546851
2026-08-07 21:49:57.520225,TSLA,ask,11.9,18,6877068,36546853
2026-08-07 21:49:57.524915,ASML,ask,48.300000000000004,7,6877069,36546854
2026-08-07 21:49:57.529433,SAP,ask,47.400000000000006,1,6877070,36546855
2026-08-07 21:49:57.533962,AAPL,ask,125.2,1,6877071,36546856
2026-08-07 21:49:57.538547,OB5X_202703_F,bid,130.4,8,6877072,36546857
2026-08-07 21:49:57.759615,NVDA,ask,37.800000000000004,1,6877075,36546870
2026-08-07 21:49:57.764622,TSLA,ask,11.9,2,6877076,36546871
2026-08-07 21:49:57.769624,ASML,ask,48.300000000000004,1,6877077,36546872
2026-08-07 21:49:57.774437,OB5X_202703_F,bid,130.4,1,6877078,36546873
2026-08-07 21:50:05.222708,OB5X_ETF,ask,34.800000000000004,176,6877223,36547424
2026-08-07 21:50:05.209605,OB5X_202706_F,bid,131.9,43,6877219,36547421
2026-08-07 21:50:22.343399,OB5X_ETF,bid,34.7,16,6877507,36548696
2026-08-07 21:50:22.359408,OB5X_202703_F,ask,130.8,4,6877509,36548702
2026-08-07 21:50:27.397113,OB5X_ETF,ask,34.800000000000004,16,6877569,36549063
2026-08-07 21:50:27.390991,OB5X_202612_F,bid,129.5,4,6877568,36549062
2026-08-07 21:50:56.835387,OB5X_ETF,bid,34.7,192,6877995,36551141
2026-08-07 21:50:56.842078,OB5X_202706_F,ask,131.6,47,6877996,36551142
2026-08-07 21:51:06.643463,OB5X_ETF,ask,34.800000000000004,192,6878125,36551856
2026-08-07 21:51:06.633976,OB5X_202612_F,bid,129.9,48,6878123,36551854
2026-08-07 21:51:19.378279,OB5X_ETF,bid,34.800000000000004,192,6878324,36552797
2026-08-07 21:51:19.385025,OB5X_202612_F,ask,130.0,48,6878325,36552799
2026-08-07 21:52:00.149042,ASML_202612_075C,ask,27.3,6,6878887,36554891
2026-08-07 21:52:00.191224,ASML,bid,48.800000000000004,10,6878890,36555664
2026-08-07 21:52:15.287362,NVDA,bid,38.1,9,6879095,36556714
2026-08-07 21:52:15.292365,TSLA,bid,12.0,20,6879096,36556715
2026-08-07 21:52:15.297891,ASML,bid,49.0,8,6879097,36556717
2026-08-07 21:52:15.302871,SAP,bid,47.6,1,6879098,36556718
2026-08-07 21:52:15.307795,AAPL,bid,124.7,1,6879099,36556719
2026-08-07 21:52:15.313043,OB5X_202703_F,ask,131.70000000000002,9,6879100,36556720
2026-08-07 21:52:16.671195,ASML_202612_075P,ask,52.6,45,6879121,36556742
2026-08-07 21:52:16.782387,ASML,ask,48.800000000000004,13,6879126,36556850
2026-08-07 21:52:25.855547,NVDA,ask,38.0,5,6879264,36557478
2026-08-07 21:52:25.861507,TSLA,ask,12.3,11,6879265,36557479
2026-08-07 21:52:25.867604,ASML,ask,48.900000000000006,5,6879266,36557480
2026-08-07 21:52:25.873153,SAP,ask,47.400000000000006,1,6879267,36557482
2026-08-07 21:52:25.878801,AAPL,ask,124.4,1,6879268,36557483
2026-08-07 21:52:25.886827,OB5X_202706_F,bid,132.3,5,6879269,36557486
2026-08-07 21:52:42.641248,OB5X_ETF,ask,34.9,192,6879514,36558694
2026-08-07 21:52:42.635773,OB5X_202706_F,bid,132.3,47,6879513,36558693
2026-08-07 21:52:48.348866,OB5X_ETF,bid,34.800000000000004,192,6879600,36559122
2026-08-07 21:52:48.358446,OB5X_202706_F,ask,132.0,47,6879602,36559124
2026-08-07 21:54:04.703197,ASML_202612_050P,bid,31.3,45,6880689,36564007
2026-08-07 21:54:04.759576,ASML,bid,49.1,10,6880691,36564521
2026-08-07 21:54:14.000120,ASML_202612_075P,bid,52.2,45,6880797,36564591
2026-08-07 21:54:14.046921,ASML,bid,49.2,11,6880799,36565168
2026-08-07 21:54:15.312555,ASML_202612_100P,ask,74.5,40,6880814,36565235
2026-08-07 21:54:16.030293,ASML,ask,49.1,13,6880833,36565334
2026-08-07 21:54:19.799001,NVDA,bid,37.9,5,6880889,36565585
2026-08-07 21:54:19.804178,TSLA,bid,12.100000000000001,11,6880890,36565586
2026-08-07 21:54:19.809169,ASML,bid,49.2,5,6880891,36565587
2026-08-07 21:54:19.814139,SAP,bid,47.6,1,6880892,36565589
2026-08-07 21:54:19.819371,AAPL,bid,125.0,1,6880893,36565590
2026-08-07 21:54:19.823920,OB5X_202612_F,ask,130.9,5,6880894,36565591
2026-08-07 21:54:21.238750,NVDA,ask,38.0,13,6880917,36565695
2026-08-07 21:54:21.244547,TSLA,ask,12.100000000000001,31,6880918,36565696
2026-08-07 21:54:21.249591,ASML,ask,48.800000000000004,13,6880919,36565697
2026-08-07 21:54:21.254732,SAP,ask,47.400000000000006,2,6880920,36565698
2026-08-07 21:54:21.259785,AAPL,ask,124.10000000000001,2,6880921,36565699
2026-08-07 21:54:21.264894,OB5X_202703_F,bid,131.3,14,6880922,36565700
2026-08-07 21:54:26.872800,ASML_202612_100P,bid,74.2,40,6880999,36565358
2026-08-07 21:54:26.926630,ASML,bid,49.2,13,6881004,36566110
2026-08-07 21:54:31.125663,NVDA,bid,38.0,13,6881065,36566406
2026-08-07 21:54:31.133757,TSLA,bid,12.200000000000001,31,6881066,36566407
2026-08-07 21:54:31.141884,ASML,bid,49.1,13,6881067,36566408
2026-08-07 21:54:31.148196,SAP,bid,47.5,2,6881068,36566409
2026-08-07 21:54:31.154350,AAPL,bid,124.9,2,6881069,36566410
2026-08-07 21:54:31.165204,OB5X_202706_F,ask,133.20000000000002,14,6881072,36566412
2026-08-07 21:54:33.696712,ASML_202612_050P,ask,31.6,40,6881119,36566418
2026-08-07 21:54:33.722354,ASML,ask,48.900000000000006,9,6881120,36566606
2026-08-07 21:54:34.739295,ASML_202612_075P,ask,52.6,45,6881139,36566633
2026-08-07 21:54:35.718534,ASML,ask,49.0,11,6881152,36566762
2026-08-07 21:54:37.519477,NVDA,ask,38.1,6,6881183,36566897
2026-08-07 21:54:37.526637,TSLA,ask,12.0,13,6881184,36566898
2026-08-07 21:54:37.531856,ASML,ask,49.0,5,6881185,36566899
2026-08-07 21:54:37.537166,SAP,ask,47.5,1,6881186,36566900
2026-08-07 21:54:37.542334,AAPL,ask,124.4,1,6881187,36566902
2026-08-07 21:54:37.549093,OB5X_202706_F,bid,132.4,6,6881189,36566904
2026-08-07 21:54:38.834020,NVDA,ask,37.9,1,6881211,36567015
2026-08-07 21:54:38.838935,TSLA,ask,12.200000000000001,2,6881212,36567016
2026-08-07 21:54:38.843856,ASML,ask,49.1,1,6881213,36567017
2026-08-07 21:54:38.848910,OB5X_202703_F,bid,131.8,1,6881214,36567018
2026-08-07 21:54:42.485218,NVDA,bid,38.2,7,6881265,36567287
2026-08-07 21:54:42.490909,TSLA,bid,11.8,16,6881266,36567288
2026-08-07 21:54:42.496072,ASML,bid,49.0,6,6881267,36567289
2026-08-07 21:54:42.502685,SAP,bid,47.2,1,6881268,36567290
2026-08-07 21:54:42.514091,AAPL,bid,124.7,1,6881271,36567293
2026-08-07 21:54:42.524919,OB5X_202612_F,ask,130.5,7,6881273,36567296
2026-08-07 21:54:48.387870,OB5X_ETF,ask,35.1,192,6881358,36567721
2026-08-07 21:54:48.382158,OB5X_202706_F,bid,132.9,47,6881357,36567720
2026-08-07 21:54:52.234434,NVDA,ask,38.1,6,6881414,36567993
2026-08-07 21:54:52.241065,TSLA,ask,12.100000000000001,13,6881415,36567995
2026-08-07 21:54:52.246680,ASML,ask,49.1,5,6881416,36567996
2026-08-07 21:54:52.252620,SAP,ask,47.2,1,6881417,36567998
2026-08-07 21:54:52.258454,AAPL,ask,124.30000000000001,1,6881418,36567999
2026-08-07 21:54:52.267269,OB5X_ETF,bid,35.0,24,6881419,36568000
2026-08-07 21:54:52.977990,NVDA,bid,38.2,5,6881432,36568068
2026-08-07 21:54:52.985874,TSLA,bid,11.9,11,6881434,36568070
2026-08-07 21:54:52.990909,ASML,bid,49.2,5,6881435,36568071
2026-08-07 21:54:52.995845,SAP,bid,47.400000000000006,1,6881436,36568072
2026-08-07 21:54:53.000942,AAPL,bid,124.4,1,6881437,36568073
2026-08-07 21:54:53.005962,OB5X_202703_F,ask,131.70000000000002,5,6881438,36568074
2026-08-07 21:54:53.466537,OB5X_ETF,bid,34.9,168,6881450,36568104
2026-08-07 21:54:53.472345,OB5X_202706_F,ask,132.6,41,6881451,36568105
2026-08-07 21:55:23.743338,NVDA,ask,38.0,6,6881894,36570295
2026-08-07 21:55:23.750492,TSLA,ask,12.100000000000001,13,6881895,36570296
2026-08-07 21:55:23.755803,ASML,ask,48.800000000000004,5,6881896,36570297
2026-08-07 21:55:23.760695,SAP,ask,47.400000000000006,1,6881897,36570298
2026-08-07 21:55:23.765577,AAPL,ask,124.7,1,6881898,36570299
2026-08-07 21:55:23.770639,OB5X_202612_F,bid,130.4,6,6881899,36570300
2026-08-07 21:55:45.457409,NVDA,bid,37.9,6,6882171,36571790
2026-08-07 21:55:45.462770,TSLA,bid,11.8,13,6882172,36571792
2026-08-07 21:55:45.467753,ASML,bid,48.800000000000004,5,6882173,36571793
2026-08-07 21:55:45.472580,SAP,bid,47.300000000000004,1,6882174,36571794
2026-08-07 21:55:45.477436,AAPL,bid,124.5,1,6882175,36571795
2026-08-07 21:55:45.482170,OB5X_202612_F,ask,130.3,6,6882176,36571796
2026-08-07 21:55:46.373690,NVDA,ask,37.9,6,6882195,36571876
2026-08-07 21:55:46.378901,TSLA,ask,12.100000000000001,13,6882196,36571877
2026-08-07 21:55:46.384051,ASML,ask,48.800000000000004,5,6882197,36571878
2026-08-07 21:55:46.389141,SAP,ask,47.5,1,6882198,36571879
2026-08-07 21:55:46.393903,AAPL,ask,124.30000000000001,1,6882199,36571880
2026-08-07 21:55:46.398987,OB5X_202706_F,bid,132.3,6,6882200,36571881
2026-08-07 21:55:46.636332,NVDA,ask,37.9,1,6882204,36571889
2026-08-07 21:55:46.642237,TSLA,ask,12.100000000000001,2,6882205,36571890
2026-08-07 21:55:46.650909,ASML,ask,48.800000000000004,1,6882207,36571892
2026-08-07 21:55:46.655971,OB5X_202706_F,bid,132.3,1,6882208,36571893
2026-08-07 21:55:55.145320,ASML_202612_075P,bid,52.2,5,6882343,36570066
2026-08-07 21:56:18.318801,NVDA,bid,37.9,7,6882671,36574144
2026-08-07 21:56:18.323409,TSLA,bid,12.0,16,6882672,36574145
2026-08-07 21:56:18.327959,ASML,bid,48.5,6,6882673,36574146
2026-08-07 21:56:18.332465,SAP,bid,47.6,1,6882674,36574147
2026-08-07 21:56:18.336988,AAPL,bid,124.60000000000001,1,6882675,36574148
2026-08-07 21:56:18.341476,OB5X_202703_F,ask,131.0,7,6882676,36574149
2026-08-07 21:56:28.817218,NVDA,ask,37.7,6,6882834,36574889
2026-08-07 21:56:28.822442,TSLA,ask,12.3,13,6882835,36574890
2026-08-07 21:56:28.827605,ASML,ask,48.2,5,6882836,36574891
2026-08-07 21:56:28.832819,SAP,ask,47.6,1,6882837,36574892
2026-08-07 21:56:28.837709,AAPL,ask,124.5,1,6882838,36574893
2026-08-07 21:56:28.842807,OB5X_202706_F,bid,131.70000000000002,6,6882839,36574894
2026-08-07 21:56:28.877602,NVDA,ask,37.7,1,6882840,36574896
2026-08-07 21:56:28.883139,TSLA,ask,12.3,2,6882841,36574897
2026-08-07 21:56:28.888236,ASML,ask,48.2,1,6882842,36574898
2026-08-07 21:56:28.893459,OB5X_202612_F,bid,129.8,1,6882843,36574899
2026-08-07 21:57:23.225278,NVDA,bid,37.5,7,6883624,36578817
2026-08-07 21:57:23.230356,TSLA,bid,12.3,16,6883625,36578818
2026-08-07 21:57:23.235312,ASML,bid,48.0,6,6883626,36578819
2026-08-07 21:57:23.240362,SAP,bid,47.800000000000004,1,6883627,36578820
2026-08-07 21:57:23.245118,AAPL,bid,124.5,1,6883628,36578821
2026-08-07 21:57:23.251043,OB5X_202706_F,ask,131.9,7,6883629,36578823
2026-08-07 21:57:33.151188,OB5X_ETF,ask,34.800000000000004,192,6883781,36579523
2026-08-07 21:57:33.141678,OB5X_202706_F,bid,131.20000000000002,47,6883780,36579519
2026-08-07 21:57:41.835238,OB5X_ETF,bid,34.800000000000004,36,6883920,36580184
2026-08-07 21:57:41.850331,OB5X_202703_F,ask,132.0,9,6883923,36580189
2026-08-07 21:57:43.717355,NVDA,ask,37.6,6,6883953,36580314
2026-08-07 21:57:43.722608,TSLA,ask,12.200000000000001,13,6883954,36580315
2026-08-07 21:57:43.727717,ASML,ask,48.0,5,6883955,36580316
2026-08-07 21:57:43.737975,SAP,ask,47.7,1,6883957,36580319
2026-08-07 21:57:43.747914,AAPL,ask,124.2,1,6883958,36580322
2026-08-07 21:57:43.753506,OB5X_202706_F,bid,131.20000000000002,6,6883959,36580323
2026-08-07 21:57:43.805841,OB5X_ETF,ask,34.7,36,6883964,36580329
2026-08-07 21:57:43.794472,OB5X_202706_F,bid,131.20000000000002,9,6883963,36580326
2026-08-07 21:57:43.890109,NVDA,ask,37.6,1,6883966,36580334
2026-08-07 21:57:43.896676,TSLA,ask,12.200000000000001,2,6883967,36580335
2026-08-07 21:57:43.901789,ASML,ask,48.0,1,6883968,36580336
2026-08-07 21:57:43.907223,OB5X_202703_F,bid,130.3,1,6883969,36580337
2026-08-07 21:57:45.013110,OB5X_ETF,bid,34.6,192,6883989,36580440
2026-08-07 21:57:45.018266,OB5X_202706_F,ask,131.4,47,6883990,36580441
2026-08-07 21:58:12.517839,ASML_202612_100P,bid,74.60000000000001,39,6884355,36581193
2026-08-07 21:58:12.560364,ASML,bid,48.1,15,6884357,36582445
2026-08-07 21:58:13.949847,NVDA,bid,37.9,6,6884384,36582565
2026-08-07 21:58:13.955123,TSLA,bid,12.100000000000001,13,6884385,36582566
2026-08-07 21:58:13.960118,ASML,bid,48.1,5,6884386,36582567
2026-08-07 21:58:13.964961,SAP,bid,47.6,1,6884387,36582568
2026-08-07 21:58:13.969661,AAPL,bid,124.4,1,6884388,36582569
2026-08-07 21:58:13.974484,OB5X_202706_F,ask,131.8,6,6884389,36582570
2026-08-07 21:58:14.814471,ASML_202612_075P,ask,52.800000000000004,45,6884403,36582465
2026-08-07 21:58:14.964222,ASML,ask,48.0,13,6884405,36582651
2026-08-07 21:58:17.903986,NVDA,ask,37.9,7,6884447,36582866
2026-08-07 21:58:17.909523,TSLA,ask,12.4,16,6884448,36582867
2026-08-07 21:58:17.914546,ASML,ask,47.900000000000006,6,6884449,36582868
2026-08-07 21:58:17.921207,SAP,ask,47.300000000000004,1,6884450,36582869
2026-08-07 21:58:17.926348,AAPL,ask,123.9,1,6884451,36582870
2026-08-07 21:58:17.931281,OB5X_202703_F,bid,130.9,7,6884452,36582871
2026-08-07 21:58:17.970398,NVDA,ask,37.9,1,6884455,36582875
2026-08-07 21:58:17.980269,TSLA,ask,12.4,2,6884456,36582877
2026-08-07 21:58:17.985444,ASML,ask,47.900000000000006,1,6884457,36582878
2026-08-07 21:58:17.990459,OB5X_202612_F,bid,129.9,1,6884458,36582879
2026-08-07 21:58:19.217112,NVDA,bid,38.0,8,6884483,36582972
2026-08-07 21:58:19.223230,TSLA,bid,12.0,18,6884484,36582973
2026-08-07 21:58:19.228580,ASML,bid,47.900000000000006,7,6884485,36582974
2026-08-07 21:58:19.236343,SAP,bid,47.400000000000006,1,6884486,36582976
2026-08-07 21:58:19.245364,AAPL,bid,124.30000000000001,1,6884488,36582979
2026-08-07 21:58:19.250412,OB5X_ETF,ask,34.7,32,6884489,36582980
2026-08-07 21:58:19.779632,NVDA,ask,38.0,7,6884501,36583015
2026-08-07 21:58:19.786607,TSLA,ask,12.100000000000001,16,6884502,36583016
2026-08-07 21:58:19.792977,ASML,ask,48.0,6,6884503,36583017
2026-08-07 21:58:19.799265,SAP,ask,47.300000000000004,1,6884504,36583018
2026-08-07 21:58:19.805629,AAPL,ask,124.10000000000001,1,6884505,36583019
2026-08-07 21:58:19.812190,OB5X_ETF,bid,34.7,28,6884506,36583020
2026-08-07 21:58:20.119787,NVDA,ask,38.0,1,6884510,36583055
2026-08-07 21:58:20.124879,TSLA,ask,12.100000000000001,2,6884511,36583056
2026-08-07 21:58:20.129569,ASML,ask,48.0,1,6884512,36583057
2026-08-07 21:58:20.134619,OB5X_ETF,bid,34.7,4,6884513,36583059
2026-08-07 21:58:22.193317,NVDA,bid,37.800000000000004,8,6884542,36583195
2026-08-07 21:58:22.199065,TSLA,bid,12.3,18,6884543,36583196
2026-08-07 21:58:22.205339,ASML,bid,48.0,7,6884544,36583197
2026-08-07 21:58:22.212239,SAP,bid,47.300000000000004,1,6884545,36583199
2026-08-07 21:58:22.218278,AAPL,bid,124.30000000000001,1,6884546,36583200
2026-08-07 21:58:22.223880,OB5X_202706_F,ask,132.1,8,6884547,36583201
2026-08-07 21:58:23.619681,OB5X_ETF,ask,34.9,4,6884574,36583328
2026-08-07 21:58:23.613950,OB5X_202706_F,bid,131.5,1,6884573,36583327
2026-08-07 21:58:27.074892,NVDA,ask,37.7,7,6884635,36583601
2026-08-07 21:58:27.079613,TSLA,ask,12.3,16,6884636,36583602
2026-08-07 21:58:27.084642,ASML,ask,47.900000000000006,6,6884637,36583604
2026-08-07 21:58:27.089771,SAP,ask,47.300000000000004,1,6884638,36583606
2026-08-07 21:58:27.094953,AAPL,ask,124.2,1,6884639,36583608
2026-08-07 21:58:27.100298,OB5X_202703_F,bid,130.6,7,6884640,36583611
2026-08-07 21:58:28.889514,OB5X_ETF,bid,34.6,4,6884659,36583734
2026-08-07 21:58:28.894565,OB5X_202612_F,ask,129.6,1,6884660,36583735
2026-08-07 21:58:32.013445,NVDA,ask,37.800000000000004,1,6884708,36583955
2026-08-07 21:58:32.023306,TSLA,ask,12.200000000000001,2,6884709,36583957
2026-08-07 21:58:32.028050,ASML,ask,48.1,1,6884710,36583958
2026-08-07 21:58:32.032909,OB5X_202703_F,bid,130.70000000000002,1,6884711,36583959
2026-08-07 21:58:32.093133,OB5X_ETF,ask,34.800000000000004,192,6884713,36583975
2026-08-07 21:58:32.086564,OB5X_202703_F,bid,130.70000000000002,47,6884712,36583973
2026-08-07 21:58:33.428080,OB5X_ETF,bid,34.800000000000004,192,6884731,36584078
2026-08-07 21:58:33.436189,OB5X_202703_F,ask,131.0,47,6884732,36584079
2026-08-07 21:58:37.355280,NVDA,bid,37.800000000000004,8,6884795,36584363
2026-08-07 21:58:37.360305,TSLA,bid,12.3,18,6884796,36584364
2026-08-07 21:58:37.368915,ASML,bid,48.0,7,6884797,36584365
2026-08-07 21:58:37.374305,SAP,bid,47.400000000000006,1,6884798,36584367
2026-08-07 21:58:37.379488,AAPL,bid,124.10000000000001,1,6884799,36584369
2026-08-07 21:58:37.384588,OB5X_202706_F,ask,132.0,8,6884800,36584370
2026-08-07 21:58:40.727951,NVDA,ask,37.9,7,6884847,36584625
2026-08-07 21:58:40.733386,TSLA,ask,12.200000000000001,16,6884848,36584626
2026-08-07 21:58:40.738684,ASML,ask,48.0,6,6884849,36584627
2026-08-07 21:58:40.744021,SAP,ask,47.1,1,6884850,36584628
2026-08-07 21:58:40.748997,AAPL,ask,123.80000000000001,1,6884851,36584629
2026-08-07 21:58:40.753963,OB5X_202703_F,bid,130.6,7,6884852,36584630
2026-08-07 21:58:40.789753,NVDA,ask,37.9,1,6884853,36584632
2026-08-07 21:58:40.796697,TSLA,ask,12.200000000000001,2,6884854,36584634
2026-08-07 21:58:40.802447,ASML,ask,48.0,1,6884855,36584636
2026-08-07 21:58:40.807837,OB5X_202612_F,bid,129.6,1,6884856,36584638
2026-08-07 21:58:44.962349,NVDA,bid,37.800000000000004,8,6884922,36584976
2026-08-07 21:58:44.968178,TSLA,bid,12.3,18,6884923,36584977
2026-08-07 21:58:44.974709,ASML,bid,48.0,7,6884924,36584978
2026-08-07 21:58:44.988147,SAP,bid,47.400000000000006,1,6884927,36584981
2026-08-07 21:58:44.994291,AAPL,bid,124.10000000000001,1,6884928,36584983
2026-08-07 21:58:57.335787,OB5X_ETF,ask,34.7,192,6885091,36585893
2026-08-07 21:58:57.330078,OB5X_202706_F,bid,131.4,47,6885090,36585892
2026-08-07 21:58:58.750809,NVDA,ask,37.7,7,6885110,36585997
2026-08-07 21:58:58.757296,TSLA,ask,12.100000000000001,16,6885111,36585998
2026-08-07 21:58:58.763206,ASML,ask,47.800000000000004,6,6885112,36585999
2026-08-07 21:58:58.769126,SAP,ask,47.2,1,6885113,36586000
2026-08-07 21:58:58.774909,AAPL,ask,124.0,1,6885114,36586001
2026-08-07 21:58:58.780842,OB5X_ETF,bid,34.6,28,6885115,36586002
2026-08-07 21:58:59.884435,NVDA,ask,37.6,1,6885132,36586077
2026-08-07 21:58:59.890033,TSLA,ask,12.200000000000001,2,6885133,36586078
2026-08-07 21:58:59.898132,ASML,ask,47.7,1,6885134,36586079
2026-08-07 21:58:59.943524,OB5X_ETF,bid,34.6,4,6885136,36586092
2026-08-07 21:59:00.760349,OB5X_ETF,bid,34.6,160,6885145,36586153
2026-08-07 21:59:00.767858,OB5X_202706_F,ask,131.8,39,6885146,36586154
2026-08-07 21:59:01.585731,NVDA,bid,37.800000000000004,8,6885164,36586212
2026-08-07 21:59:01.591466,TSLA,bid,12.200000000000001,18,6885165,36586213
2026-08-07 21:59:01.596510,ASML,bid,47.800000000000004,7,6885166,36586214
2026-08-07 21:59:01.601609,SAP,bid,47.400000000000006,1,6885167,36586215
2026-08-07 21:59:01.606677,AAPL,bid,124.2,1,6885168,36586216
2026-08-07 21:59:01.611858,OB5X_202706_F,ask,131.8,8,6885169,36586217
2026-08-07 21:59:05.133155,NVDA,ask,37.800000000000004,7,6885222,36586492
2026-08-07 21:59:05.138928,TSLA,ask,12.3,16,6885223,36586493
2026-08-07 21:59:05.144418,ASML,ask,47.7,6,6885224,36586494
2026-08-07 21:59:05.150093,SAP,ask,47.2,1,6885225,36586495
2026-08-07 21:59:05.154674,AAPL,ask,123.80000000000001,1,6885226,36586496
2026-08-07 21:59:05.159422,OB5X_202703_F,bid,130.5,7,6885227,36586497
2026-08-07 21:59:05.194026,NVDA,ask,37.800000000000004,1,6885228,36586502
2026-08-07 21:59:05.199245,TSLA,ask,12.3,2,6885229,36586503
2026-08-07 21:59:05.204281,ASML,ask,47.7,1,6885230,36586504
2026-08-07 21:59:05.209364,OB5X_202612_F,bid,129.5,1,6885231,36586505
2026-08-07 21:59:06.846812,NVDA,bid,37.800000000000004,2,6885264,36586644
2026-08-07 21:59:06.852986,TSLA,bid,12.3,4,6885265,36586645
2026-08-07 21:59:06.859265,ASML,bid,47.7,2,6885266,36586646
2026-08-07 21:59:06.867218,OB5X_202703_F,ask,130.9,2,6885267,36586648
2026-08-07 21:59:16.948207,NVDA,bid,37.9,7,6885408,36587402
2026-08-07 21:59:16.954308,TSLA,bid,12.0,16,6885409,36587403
2026-08-07 21:59:16.960270,ASML,bid,48.0,6,6885410,36587404
2026-08-07 21:59:16.966373,SAP,bid,47.6,1,6885411,36587405
2026-08-07 21:59:16.972344,AAPL,bid,124.10000000000001,1,6885412,36587406
2026-08-07 21:59:16.978554,OB5X_202706_F,ask,131.8,7,6885413,36587408
2026-08-07 21:59:26.139709,NVDA,ask,37.800000000000004,8,6885529,36588102
2026-08-07 21:59:26.144752,TSLA,ask,12.3,18,6885530,36588103
2026-08-07 21:59:26.149685,ASML,ask,47.800000000000004,7,6885531,36588104
2026-08-07 21:59:26.156715,SAP,ask,47.2,1,6885533,36588106
2026-08-07 21:59:26.161692,AAPL,ask,124.0,1,6885534,36588107
2026-08-07 21:59:26.166571,OB5X_202612_F,bid,129.6,8,6885535,36588108
2026-08-07 21:59:26.394933,NVDA,ask,37.800000000000004,1,6885545,36588130
2026-08-07 21:59:26.401431,TSLA,ask,12.3,2,6885546,36588132
2026-08-07 21:59:26.408205,ASML,ask,47.800000000000004,1,6885547,36588134
2026-08-07 21:59:26.413067,OB5X_202612_F,bid,129.6,1,6885548,36588135
2026-08-07 21:59:37.983149,NVDA,bid,37.800000000000004,8,6885728,36589007
2026-08-07 21:59:37.988089,TSLA,bid,12.0,18,6885729,36589008
2026-08-07 21:59:37.992729,ASML,bid,48.0,7,6885730,36589009
2026-08-07 21:59:37.997507,SAP,bid,47.6,1,6885731,36589010
2026-08-07 21:59:38.005116,AAPL,bid,124.4,1,6885732,36589014
2026-08-07 21:59:38.009998,OB5X_202706_F,ask,131.5,8,6885733,36589015
2026-08-07 21:59:39.803058,NVDA,ask,37.9,7,6885759,36589143
2026-08-07 21:59:39.808171,TSLA,ask,12.200000000000001,16,6885760,36589144
2026-08-07 21:59:39.813105,ASML,ask,48.0,6,6885761,36589145
2026-08-07 21:59:39.818358,SAP,ask,47.5,1,6885762,36589146
2026-08-07 21:59:39.836038,OB5X_202706_F,bid,131.6,7,6885766,36589150
2026-08-07 21:59:39.919940,OB5X_ETF,ask,34.800000000000004,192,6885769,36589166
2026-08-07 21:59:39.913737,OB5X_202706_F,bid,131.6,47,6885768,36589165
2026-08-07 21:59:47.377073,NVDA,bid,38.0,8,6885899,36589740
2026-08-07 21:59:47.382298,TSLA,bid,11.9,18,6885900,36589741
2026-08-07 21:59:47.387925,ASML,bid,48.1,7,6885901,36589743
2026-08-07 21:59:47.393567,SAP,bid,47.6,1,6885902,36589745
2026-08-07 21:59:47.398588,AAPL,bid,123.60000000000001,1,6885903,36589746
2026-08-07 21:59:47.403705,OB5X_202612_F,ask,129.70000000000002,8,6885904,36589747
2026-08-07 21:59:55.272042,NVDA,ask,37.800000000000004,8,6886035,36590333
2026-08-07 21:59:55.277116,TSLA,ask,12.3,18,6886036,36590334
2026-08-07 21:59:55.282148,ASML,ask,48.1,7,6886037,36590335
2026-08-07 21:59:55.287358,SAP,ask,47.2,1,6886038,36590336
2026-08-07 21:59:55.292680,AAPL,ask,123.7,1,6886039,36590337
2026-08-07 21:59:55.303308,OB5X_202612_F,bid,129.8,8,6886041,36590339
2026-08-07 21:59:55.332626,NVDA,ask,37.800000000000004,1,6886042,36590343
2026-08-07 21:59:55.338835,TSLA,ask,12.3,2,6886043,36590344
2026-08-07 21:59:55.343997,ASML,ask,48.1,1,6886044,36590345
2026-08-07 21:59:55.349186,OB5X_202706_F,bid,131.70000000000002,1,6886045,36590346
2026-08-07 21:59:57.567577,OB5X_ETF,bid,34.5,192,6886081,36590527
2026-08-07 21:59:57.572856,OB5X_202703_F,ask,130.6,47,6886082,36590528
2026-08-07 22:00:00.363235,OB5X_202706_F,ask,131.5,12,6886127,36590737
2026-08-07 22:00:04.306189,NVDA,bid,38.0,8,6886190,36591027
2026-08-07 22:00:04.312413,TSLA,bid,12.0,18,6886191,36591028
2026-08-07 22:00:04.318450,ASML,bid,48.0,7,6886192,36591029
2026-08-07 22:00:04.324276,SAP,bid,47.2,1,6886193,36591030
2026-08-07 22:00:04.330090,AAPL,bid,124.0,1,6886194,36591031
2026-08-07 22:00:04.335872,OB5X_202703_F,ask,130.9,8,6886195,36591032
2026-08-07 22:00:30.545891,NVDA,ask,37.9,7,6886569,36593010
2026-08-07 22:00:30.551448,TSLA,ask,12.4,16,6886570,36593011
2026-08-07 22:00:30.557385,ASML,ask,48.300000000000004,6,6886571,36593012
2026-08-07 22:00:30.563004,SAP,ask,47.1,1,6886572,36593014
2026-08-07 22:00:30.571029,AAPL,ask,123.5,1,6886573,36593015
2026-08-07 22:00:30.576788,OB5X_202703_F,bid,131.20000000000002,7,6886574,36593016
2026-08-07 22:00:31.858059,NVDA,bid,37.9,8,6886590,36593102
2026-08-07 22:00:31.863281,TSLA,bid,12.200000000000001,18,6886591,36593103
2026-08-07 22:00:31.868165,ASML,bid,48.400000000000006,7,6886592,36593104
2026-08-07 22:00:31.873215,SAP,bid,47.300000000000004,1,6886593,36593105
2026-08-07 22:00:31.878204,AAPL,bid,123.60000000000001,1,6886594,36593106
2026-08-07 22:00:31.885146,OB5X_202706_F,ask,132.20000000000002,8,6886596,36593108
2026-08-07 22:01:35.084160,NVDA,ask,38.0,8,6887441,36597838
2026-08-07 22:01:35.089368,TSLA,ask,12.3,18,6887442,36597839
2026-08-07 22:01:35.094336,ASML,ask,48.6,7,6887443,36597840
2026-08-07 22:01:35.099225,SAP,ask,47.1,1,6887444,36597841
2026-08-07 22:01:35.104176,AAPL,ask,123.2,1,6887445,36597842
2026-08-07 22:01:35.109172,OB5X_202703_F,bid,131.4,8,6887446,36597843
2026-08-07 22:01:35.189165,NVDA,ask,38.0,1,6887448,36597850
2026-08-07 22:01:35.194437,TSLA,ask,12.3,2,6887449,36597851
2026-08-07 22:01:35.199353,ASML,ask,48.6,1,6887450,36597852
2026-08-07 22:01:35.204375,OB5X_202706_F,bid,132.4,1,6887451,36597853
2026-08-07 22:01:38.976903,OB5X_ETF,ask,35.0,192,6887524,36598157
2026-08-07 22:01:38.966744,OB5X_202703_F,bid,131.5,47,6887522,36598155
2026-08-07 22:01:45.292527,OB5X_ETF,bid,34.800000000000004,192,6887603,36598639
2026-08-07 22:01:45.297818,OB5X_202706_F,ask,132.70000000000002,47,6887604,36598640
2026-08-07 22:01:53.317294,NVDA,bid,38.300000000000004,6,6887718,36599229
2026-08-07 22:01:53.322836,TSLA,bid,12.0,13,6887719,36599230
2026-08-07 22:01:53.327991,ASML,bid,48.900000000000006,5,6887720,36599231
2026-08-07 22:01:53.332879,SAP,bid,47.300000000000004,1,6887721,36599232
2026-08-07 22:01:53.338183,AAPL,bid,123.30000000000001,1,6887722,36599233
2026-08-07 22:01:53.343360,OB5X_202706_F,ask,132.9,6,6887723,36599234
2026-08-07 22:01:53.378520,NVDA,bid,38.300000000000004,3,6887724,36599235
2026-08-07 22:01:53.384978,TSLA,bid,12.0,7,6887725,36599236
2026-08-07 22:01:53.390525,ASML,bid,48.900000000000006,3,6887726,36599237
2026-08-07 22:01:53.395724,OB5X_202612_F,ask,130.9,3,6887727,36599238
2026-08-07 22:01:55.893364,OB5X_ETF,ask,35.0,192,6887778,36599420
2026-08-07 22:01:55.885065,OB5X_202706_F,bid,132.3,47,6887776,36599418
2026-08-07 22:01:55.948010,NVDA,ask,38.300000000000004,8,6887780,36599429
2026-08-07 22:01:55.956289,TSLA,ask,12.100000000000001,18,6887782,36599431
2026-08-07 22:01:55.969086,ASML,ask,48.7,7,6887785,36599434
2026-08-07 22:01:55.975450,SAP,ask,47.0,1,6887786,36599436
2026-08-07 22:01:55.980661,AAPL,ask,123.10000000000001,1,6887787,36599437
2026-08-07 22:01:55.988683,OB5X_202706_F,bid,132.3,8,6887788,36599438
2026-08-07 22:01:56.109980,NVDA,ask,38.300000000000004,1,6887793,36599456
2026-08-07 22:01:56.115546,TSLA,ask,12.100000000000001,2,6887794,36599457
2026-08-07 22:01:56.120719,ASML,ask,48.7,1,6887795,36599458
2026-08-07 22:01:56.126765,OB5X_202703_F,bid,131.3,1,6887796,36599459
2026-08-07 22:01:57.950514,OB5X_ETF,bid,34.9,40,6887821,36599602
2026-08-07 22:01:57.955995,OB5X_202706_F,ask,132.4,10,6887822,36599603
2026-08-07 22:02:02.815748,OB5X_ETF,bid,34.9,152,6887875,36599959
2026-08-07 22:02:02.821786,OB5X_202706_F,ask,132.6,37,6887876,36599960
2026-08-07 22:02:09.204494,ASML_202612_100C,ask,24.400000000000002,2,6887962,36596669
2026-08-07 22:02:09.263025,ASML_202612_075C,ask,27.200000000000003,9,6887965,36597740
2026-08-07 22:02:13.786912,OB5X_ETF,ask,35.2,192,6888051,36600781
2026-08-07 22:02:13.780770,OB5X_202612_F,bid,131.1,48,6888050,36600780
2026-08-07 22:02:20.499802,OB5X_ETF,bid,35.0,192,6888179,36601324
2026-08-07 22:02:20.505047,OB5X_202703_F,ask,131.8,47,6888180,36601325
2026-08-07 22:02:29.111641,OB5X_ETF,ask,35.0,192,6888308,36601953
2026-08-07 22:02:29.105009,OB5X_202706_F,bid,132.70000000000002,47,6888307,36601952
2026-08-07 22:02:30.545210,ASML_202612_050P,bid,31.400000000000002,1,6888333,36602064
2026-08-07 22:02:37.870195,OB5X_ETF,bid,34.800000000000004,192,6888452,36602628
2026-08-07 22:02:37.877373,OB5X_202706_F,ask,132.5,47,6888453,36602630
2026-08-07 22:02:51.139497,NVDA,bid,38.300000000000004,8,6888643,36603630
2026-08-07 22:02:51.144753,TSLA,bid,12.100000000000001,18,6888644,36603631
2026-08-07 22:02:51.154124,ASML,bid,49.0,7,6888645,36603632
2026-08-07 22:02:51.198126,SAP,bid,47.1,1,6888649,36603645
2026-08-07 22:02:51.204705,AAPL,bid,123.30000000000001,1,6888650,36603646
2026-08-07 22:02:51.210490,OB5X_202706_F,ask,132.9,8,6888651,36603647
2026-08-07 22:02:51.814298,ASML,bid,48.7,9,6888673,36603698
2026-08-07 22:02:53.768747,NVDA,ask,38.1,16,6888708,36603862
2026-08-07 22:02:53.773667,TSLA,ask,12.200000000000001,38,6888709,36603863
2026-08-07 22:02:53.778697,ASML,ask,48.6,15,6888710,36603864
2026-08-07 22:02:53.783715,SAP,ask,46.900000000000006,2,6888711,36603865
2026-08-07 22:02:53.788852,AAPL,ask,123.30000000000001,2,6888712,36603866
2026-08-07 22:02:53.796200,OB5X_202703_F,bid,131.3,17,6888713,36603869
2026-08-07 22:02:57.524536,ASML_202612_075P,bid,52.300000000000004,45,6888769,36603721
2026-08-07 22:02:57.550941,ASML,bid,49.0,12,6888773,36604149
2026-08-07 22:03:02.959679,NVDA,bid,38.2,16,6888855,36604590
2026-08-07 22:03:02.965067,TSLA,bid,12.100000000000001,38,6888856,36604591
2026-08-07 22:03:02.977620,ASML,bid,49.0,15,6888857,36604593
2026-08-07 22:03:02.982724,SAP,bid,47.1,2,6888858,36604594
2026-08-07 22:03:02.987955,AAPL,bid,123.7,2,6888859,36604595
2026-08-07 22:03:02.993395,OB5X_202612_F,ask,130.70000000000002,17,6888860,36604596
2026-08-07 22:03:05.411678,ASML_202612_100C,bid,24.1,17,6888891,36604641
2026-08-07 22:03:05.843257,ASML,ask,48.7,13,6888897,36604810
2026-08-07 22:03:06.600819,ASML_202612_100P,ask,74.60000000000001,39,6888909,36604867
2026-08-07 22:03:07.842955,ASML,ask,48.900000000000006,12,6888925,36604974
2026-08-07 22:03:08.663841,NVDA,ask,38.1,3,6888938,36605037
2026-08-07 22:03:08.672549,TSLA,ask,12.100000000000001,7,6888940,36605039
2026-08-07 22:03:08.677522,ASML,ask,48.800000000000004,3,6888941,36605040
2026-08-07 22:03:08.682641,OB5X_202706_F,bid,132.3,3,6888942,36605041
2026-08-07 22:03:29.267384,NVDA,bid,38.2,4,6889242,36606550
2026-08-07 22:03:29.273043,TSLA,bid,11.8,9,6889243,36606551
2026-08-07 22:03:29.278730,ASML,bid,48.800000000000004,4,6889244,36606552
2026-08-07 22:03:29.284392,AAPL,bid,123.7,1,6889245,36606553
2026-08-07 22:03:29.290049,OB5X_202706_F,ask,132.5,4,6889246,36606554
2026-08-07 22:03:38.960482,ASML_202612_075P,bid,52.300000000000004,45,6889377,36606006
2026-08-07 22:03:39.045476,ASML,bid,48.900000000000006,12,6889382,36607302
2026-08-07 22:03:46.223034,ASML_202612_075P,ask,52.6,41,6889486,36607310
2026-08-07 22:03:46.297766,ASML,ask,48.900000000000006,11,6889489,36607852
2026-08-07 22:03:47.335229,ASML_202612_075C,ask,27.3,16,6889506,36607593
2026-08-07 22:03:48.238301,ASML,bid,49.0,13,6889517,36607990
2026-08-07 22:03:50.672522,ASML_202612_100C,bid,24.1,17,6889539,36608011
2026-08-07 22:03:50.723507,ASML,ask,48.900000000000006,13,6889541,36608189
2026-08-07 22:03:55.510435,NVDA,ask,38.1,5,6889604,36608527
2026-08-07 22:03:55.515260,TSLA,ask,12.4,11,6889605,36608528
2026-08-07 22:03:55.520691,ASML,ask,48.900000000000006,5,6889606,36608530
2026-08-07 22:03:55.525822,SAP,ask,47.300000000000004,1,6889607,36608531
2026-08-07 22:03:55.530695,AAPL,ask,123.5,1,6889608,36608532
2026-08-07 22:03:55.535664,OB5X_202703_F,bid,131.70000000000002,5,6889609,36608533
2026-08-07 22:04:01.550694,OB5X_ETF,ask,35.0,192,6889700,36608970
2026-08-07 22:04:01.544862,OB5X_202703_F,bid,131.70000000000002,47,6889699,36608969
2026-08-07 22:04:08.429262,ASML_202612_050P,bid,31.3,39,6889808,36608237
2026-08-07 22:04:08.480698,ASML,bid,49.2,8,6889810,36609492
2026-08-07 22:04:08.800498,OB5X_ETF,bid,35.0,192,6889818,36609527
2026-08-07 22:04:08.805641,OB5X_202703_F,ask,131.8,47,6889819,36609528
2026-08-07 22:04:17.883230,NVDA,ask,38.2,8,6889956,36610162
2026-08-07 22:04:17.891448,TSLA,ask,12.4,18,6889957,36610163
2026-08-07 22:04:17.896351,ASML,ask,48.900000000000006,7,6889958,36610164
2026-08-07 22:04:17.901323,SAP,ask,47.2,1,6889959,36610165
2026-08-07 22:04:17.907282,AAPL,ask,123.60000000000001,1,6889960,36610167
2026-08-07 22:04:17.912174,OB5X_202703_F,bid,131.8,8,6889961,36610168
2026-08-07 22:04:36.269528,NVDA,bid,38.2,11,6890235,36611459
2026-08-07 22:04:36.274870,TSLA,bid,11.9,27,6890236,36611460
2026-08-07 22:04:36.282702,ASML,bid,49.2,11,6890237,36611461
2026-08-07 22:04:36.287592,SAP,bid,47.2,1,6890238,36611462
2026-08-07 22:04:36.292351,AAPL,bid,124.0,2,6890239,36611463
2026-08-07 22:04:36.299142,OB5X_202706_F,ask,132.70000000000002,12,6890240,36611464
2026-08-07 22:04:46.769314,NVDA,ask,38.300000000000004,12,6890389,36612199
2026-08-07 22:04:46.775602,TSLA,ask,12.3,29,6890390,36612200
2026-08-07 22:04:46.782310,ASML,ask,49.1,12,6890391,36612202
2026-08-07 22:04:46.787411,SAP,ask,46.900000000000006,2,6890392,36612203
2026-08-07 22:04:46.792420,AAPL,ask,124.0,2,6890393,36612204
2026-08-07 22:04:46.802052,OB5X_202706_F,bid,133.20000000000002,13,6890395,36612206
2026-08-07 22:05:01.623461,NVDA,bid,38.5,12,6890602,36613226
2026-08-07 22:05:01.628759,TSLA,bid,12.100000000000001,29,6890603,36613227
2026-08-07 22:05:01.633782,ASML,bid,49.400000000000006,12,6890604,36613228
2026-08-07 22:05:01.643186,SAP,bid,47.400000000000006,2,6890605,36613230
2026-08-07 22:05:01.649180,AAPL,bid,123.9,2,6890606,36613232
2026-08-07 22:05:01.654376,OB5X_202612_F,ask,131.6,13,6890607,36613233
2026-08-07 22:05:29.123136,NVDA,ask,38.5,12,6890995,36615154
2026-08-07 22:05:29.128096,TSLA,ask,12.100000000000001,29,6890996,36615155
2026-08-07 22:05:29.133030,ASML,ask,49.400000000000006,12,6890997,36615156
2026-08-07 22:05:29.138223,SAP,ask,47.2,2,6890998,36615157
2026-08-07 22:05:29.143577,AAPL,ask,123.7,2,6890999,36615159
2026-08-07 22:05:29.149772,OB5X_202703_F,bid,132.20000000000002,13,6891000,36615160
2026-08-07 22:05:30.454553,NVDA,bid,38.6,12,6891031,36615279
2026-08-07 22:05:30.459848,TSLA,bid,12.100000000000001,29,6891032,36615280
2026-08-07 22:05:30.464999,ASML,bid,49.300000000000004,12,6891033,36615281
2026-08-07 22:05:30.470057,SAP,bid,47.300000000000004,2,6891034,36615282
2026-08-07 22:05:30.475101,AAPL,bid,123.9,2,6891035,36615283
2026-08-07 22:05:30.479939,OB5X_202703_F,ask,132.5,13,6891036,36615284
2026-08-07 22:05:43.254612,NVDA,ask,38.300000000000004,12,6891219,36616175
2026-08-07 22:05:43.259803,TSLA,ask,12.3,29,6891220,36616177
2026-08-07 22:05:43.264800,ASML,ask,49.2,12,6891221,36616178
2026-08-07 22:05:43.269727,SAP,ask,47.2,2,6891222,36616179
2026-08-07 22:05:43.274650,AAPL,ask,123.60000000000001,2,6891223,36616180
2026-08-07 22:05:43.279949,OB5X_202703_F,bid,132.3,13,6891224,36616182
2026-08-07 22:05:44.933799,NVDA,bid,38.5,12,6891250,36616301
2026-08-07 22:05:44.943670,TSLA,bid,12.100000000000001,29,6891251,36616307
2026-08-07 22:05:44.952347,ASML,bid,49.2,12,6891252,36616309
2026-08-07 22:05:44.959488,SAP,bid,47.1,2,6891253,36616310
2026-08-07 22:05:44.967289,AAPL,bid,123.60000000000001,2,6891254,36616312
2026-08-07 22:05:44.974213,OB5X_202703_F,ask,132.20000000000002,13,6891255,36616314
2026-08-07 22:05:50.400546,OB5X_ETF,ask,35.0,180,6891343,36616698
2026-08-07 22:05:50.390383,OB5X_202706_F,bid,132.5,44,6891342,36616697
2026-08-07 22:05:50.426522,NVDA,ask,38.2,1,6891344,36616700
2026-08-07 22:05:50.432203,TSLA,ask,12.0,2,6891345,36616701
2026-08-07 22:05:50.437091,ASML,ask,49.300000000000004,1,6891346,36616702
2026-08-07 22:05:50.442096,OB5X_202706_F,bid,132.5,1,6891347,36616703
2026-08-07 22:05:50.476513,NVDA,ask,38.2,11,6891349,36616707
2026-08-07 22:05:50.481165,TSLA,ask,12.0,27,6891350,36616708
2026-08-07 22:05:50.485938,ASML,ask,49.300000000000004,11,6891351,36616709
2026-08-07 22:05:50.490488,SAP,ask,47.0,1,6891352,36616710
2026-08-07 22:05:50.495038,AAPL,ask,123.30000000000001,2,6891353,36616711
2026-08-07 22:05:50.502000,OB5X_202703_F,bid,131.5,12,6891355,36616713
2026-08-07 22:05:53.810297,OB5X_ETF,bid,35.0,180,6891401,36616934
2026-08-07 22:05:53.817162,OB5X_202706_F,ask,133.5,44,6891402,36616936
2026-08-07 22:05:53.845922,NVDA,bid,38.6,6,6891403,36616937
2026-08-07 22:05:53.854848,TSLA,bid,12.0,13,6891404,36616940
2026-08-07 22:05:53.860090,ASML,bid,49.400000000000006,5,6891405,36616941
2026-08-07 22:05:53.866121,SAP,bid,47.400000000000006,1,6891406,36616942
2026-08-07 22:05:53.872536,AAPL,bid,123.80000000000001,1,6891407,36616944
2026-08-07 22:05:53.877871,OB5X_202706_F,ask,133.5,6,6891408,36616945
2026-08-07 22:05:58.112511,NVDA,bid,38.6,8,6891477,36617255
2026-08-07 22:05:58.117736,TSLA,bid,12.0,18,6891478,36617256
2026-08-07 22:05:58.122711,ASML,bid,49.300000000000004,7,6891479,36617257
2026-08-07 22:05:58.127676,SAP,bid,47.2,1,6891480,36617258
2026-08-07 22:05:58.132771,AAPL,bid,123.60000000000001,1,6891481,36617259
2026-08-07 22:05:58.137810,OB5X_202703_F,ask,132.3,8,6891482,36617260
2026-08-07 22:06:05.678404,OB5X_ETF,ask,35.2,192,6891578,36617780
2026-08-07 22:06:05.673042,OB5X_202706_F,bid,133.5,47,6891577,36617779
2026-08-07 22:06:11.424437,OB5X_ETF,bid,35.1,192,6891641,36618175
2026-08-07 22:06:11.430847,OB5X_202706_F,ask,133.3,47,6891642,36618176
2026-08-07 22:06:17.755424,OB5X_ETF,ask,35.2,192,6891713,36618620
2026-08-07 22:06:17.750289,OB5X_202703_F,bid,132.6,47,6891712,36618619
2026-08-07 22:06:24.078167,OB5X_ETF,bid,35.2,192,6891809,36619067
2026-08-07 22:06:24.084288,OB5X_202612_F,ask,131.9,48,6891810,36619068
2026-08-07 22:06:26.591100,NVDA,ask,38.5,12,6891845,36619237
2026-08-07 22:06:26.598040,TSLA,ask,12.100000000000001,29,6891846,36619238
2026-08-07 22:06:26.603440,ASML,ask,49.6,12,6891847,36619239
2026-08-07 22:06:26.608385,SAP,ask,47.2,2,6891848,36619240
2026-08-07 22:06:26.613123,AAPL,ask,123.10000000000001,2,6891849,36619241
2026-08-07 22:06:26.618168,OB5X_202612_F,bid,131.4,13,6891850,36619242
2026-08-07 22:06:27.246481,OB5X_ETF,ask,35.4,192,6891870,36619317
2026-08-07 22:06:27.240778,OB5X_202706_F,bid,134.1,47,6891869,36619316
2026-08-07 22:06:43.107895,OB5X_ETF,bid,35.0,192,6892081,36620414
2026-08-07 22:06:43.115309,OB5X_202612_F,ask,131.5,48,6892082,36620415
2026-08-07 22:07:34.862140,NVDA,bid,38.400000000000006,11,6892840,36624063
2026-08-07 22:07:34.875521,TSLA,bid,12.100000000000001,27,6892843,36624065
2026-08-07 22:07:34.882093,ASML,bid,49.7,11,6892844,36624066
2026-08-07 22:07:34.888441,SAP,bid,47.300000000000004,1,6892845,36624067
2026-08-07 22:07:34.894010,AAPL,bid,123.30000000000001,2,6892846,36624068
2026-08-07 22:07:34.900327,OB5X_202612_F,ask,132.0,12,6892847,36624070
2026-08-07 22:07:49.548262,NVDA,ask,38.300000000000004,11,6893047,36625077
2026-08-07 22:07:49.554309,TSLA,ask,12.3,27,6893048,36625078
2026-08-07 22:07:49.559655,ASML,ask,49.7,11,6893049,36625079
2026-08-07 22:07:49.567137,SAP,ask,46.900000000000006,1,6893050,36625081
2026-08-07 22:07:49.580377,AAPL,ask,123.30000000000001,2,6893053,36625085
2026-08-07 22:07:49.600143,OB5X_202706_F,bid,133.70000000000002,12,6893056,36625089
2026-08-07 22:08:02.942976,NVDA,bid,38.300000000000004,11,6893239,36626071
2026-08-07 22:08:02.948024,TSLA,bid,11.9,27,6893240,36626072
2026-08-07 22:08:02.956227,ASML,bid,49.900000000000006,11,6893241,36626073
2026-08-07 22:08:02.988512,SAP,bid,47.300000000000004,1,6893243,36626084
2026-08-07 22:08:02.993489,AAPL,bid,123.7,2,6893244,36626085
2026-08-07 22:08:03.000379,OB5X_202703_F,ask,132.4,12,6893245,36626086
2026-08-07 22:08:14.850222,NVDA,ask,38.400000000000006,11,6893420,36626928
2026-08-07 22:08:14.856749,TSLA,ask,11.9,27,6893421,36626929
2026-08-07 22:08:14.864384,ASML,ask,49.800000000000004,11,6893422,36626930
2026-08-07 22:08:14.870378,SAP,ask,46.900000000000006,1,6893423,36626931
2026-08-07 22:08:14.879817,AAPL,ask,123.30000000000001,2,6893424,36626932
2026-08-07 22:08:14.885863,OB5X_202612_F,bid,131.1,12,6893425,36626933
2026-08-07 22:08:35.426417,NVDA,bid,38.5,11,6893712,36628426
2026-08-07 22:08:35.432144,TSLA,bid,11.9,27,6893713,36628427
2026-08-07 22:08:35.437897,ASML,bid,49.800000000000004,11,6893714,36628428
2026-08-07 22:08:35.443247,SAP,bid,47.0,1,6893715,36628429
2026-08-07 22:08:35.448350,AAPL,bid,123.9,2,6893716,36628430
2026-08-07 22:08:35.455732,OB5X_202706_F,ask,133.4,12,6893718,36628432
2026-08-07 22:08:37.088249,OB5X_ETF,ask,35.2,192,6893740,36628556
2026-08-07 22:08:37.082963,OB5X_202612_F,bid,131.5,48,6893739,36628555
2026-08-07 22:08:40.330776,OB5X_ETF,bid,35.2,192,6893788,36628787
2026-08-07 22:08:40.338003,OB5X_202706_F,ask,133.70000000000002,47,6893789,36628788
2026-08-07 22:08:45.677252,NVDA,ask,38.300000000000004,11,6893875,36629176
2026-08-07 22:08:45.682989,TSLA,ask,12.0,27,6893876,36629177
2026-08-07 22:08:45.688371,ASML,ask,49.800000000000004,11,6893877,36629178
2026-08-07 22:08:45.693693,SAP,ask,47.0,1,6893878,36629179
2026-08-07 22:08:45.699288,AAPL,ask,123.30000000000001,2,6893879,36629181
2026-08-07 22:08:45.704940,OB5X_202706_F,bid,133.20000000000002,12,6893880,36629182
2026-08-07 22:09:12.022968,OB5X_ETF,ask,35.1,192,6894276,36631060
2026-08-07 22:09:12.017248,OB5X_202612_F,bid,131.1,48,6894275,36631059
2026-08-07 22:09:14.516577,NVDA,bid,38.5,11,6894311,36631250
2026-08-07 22:09:14.521893,TSLA,bid,12.0,27,6894312,36631251
2026-08-07 22:09:14.527333,ASML,bid,49.5,11,6894313,36631252
2026-08-07 22:09:14.532999,SAP,bid,47.300000000000004,1,6894314,36631253
2026-08-07 22:09:14.538643,AAPL,bid,123.4,2,6894315,36631254
2026-08-07 22:09:14.544729,OB5X_202706_F,ask,133.5,12,6894316,36631256
2026-08-07 22:09:15.197059,OB5X_ETF,bid,35.0,192,6894330,36631312
2026-08-07 22:09:15.202143,OB5X_202612_F,ask,131.5,48,6894331,36631313
2026-08-07 22:09:43.688985,OB5X_ETF,ask,35.1,12,6894731,36633372
2026-08-07 22:09:43.683820,OB5X_202612_F,bid,131.0,3,6894730,36633371
2026-08-07 22:09:43.723392,OB5X_ETF,ask,35.1,32,6894733,36633379
2026-08-07 22:09:43.717810,OB5X_202706_F,bid,133.0,8,6894732,36633377
2026-08-07 22:09:45.168098,OB5X_ETF,ask,35.1,148,6894765,36633509
2026-08-07 22:09:45.153470,OB5X_202706_F,bid,132.9,36,6894764,36633508
2026-08-07 22:09:45.198022,NVDA,ask,38.400000000000006,11,6894766,36633512
2026-08-07 22:09:45.206307,TSLA,ask,12.0,27,6894767,36633513
2026-08-07 22:09:45.219987,ASML,ask,49.400000000000006,11,6894769,36633515
2026-08-07 22:09:45.231068,SAP,ask,47.2,1,6894770,36633517
2026-08-07 22:09:45.244789,AAPL,ask,122.80000000000001,2,6894771,36633519
2026-08-07 22:09:45.259708,OB5X_202706_F,bid,132.9,12,6894772,36633521
2026-08-07 22:09:50.580650,NVDA,bid,38.5,11,6894860,36633985
2026-08-07 22:09:50.586497,TSLA,bid,12.0,27,6894861,36633986
2026-08-07 22:09:50.596080,ASML,bid,49.400000000000006,11,6894862,36633990
2026-08-07 22:09:50.604251,SAP,bid,47.2,1,6894863,36633992
2026-08-07 22:09:50.612520,AAPL,bid,122.9,2,6894865,36633994
2026-08-07 22:09:50.622096,OB5X_202706_F,ask,133.3,12,6894866,36633996
2026-08-07 22:10:02.774202,OB5X_ETF,bid,35.1,192,6895047,36635060
2026-08-07 22:10:02.789025,OB5X_202703_F,ask,132.3,47,6895049,36635062
2026-08-07 22:11:27.721498,NVDA,ask,38.300000000000004,11,6896391,36641991
2026-08-07 22:11:27.726561,TSLA,ask,12.0,27,6896392,36641992
2026-08-07 22:11:27.734717,ASML,ask,49.400000000000006,11,6896394,36641994
2026-08-07 22:11:27.739813,SAP,ask,47.300000000000004,1,6896395,36641995
2026-08-07 22:11:27.744799,AAPL,ask,123.2,2,6896396,36641996
2026-08-07 22:11:27.749551,OB5X_202703_F,bid,131.8,12,6896397,36641997
2026-08-07 22:11:31.688168,NVDA,bid,38.5,11,6896464,36642287
2026-08-07 22:11:31.693138,TSLA,bid,11.9,27,6896465,36642288
2026-08-07 22:11:31.698383,ASML,bid,49.7,11,6896466,36642289
2026-08-07 22:11:31.703373,SAP,bid,47.300000000000004,1,6896467,36642290
2026-08-07 22:11:31.708687,AAPL,bid,123.4,2,6896468,36642292
2026-08-07 22:11:31.713645,OB5X_202612_F,ask,131.3,12,6896469,36642293
2026-08-07 22:11:36.122837,ASML_202612_100C,ask,25.0,5,6896533,36629629
2026-08-07 22:11:40.906070,NVDA,ask,38.400000000000006,11,6896602,36643018
2026-08-07 22:11:40.911451,TSLA,ask,11.9,27,6896603,36643019
2026-08-07 22:11:40.925356,ASML,ask,49.900000000000006,11,6896605,36643024
2026-08-07 22:11:40.930290,SAP,ask,47.2,1,6896606,36643025
2026-08-07 22:11:40.935318,AAPL,ask,123.60000000000001,2,6896607,36643026
2026-08-07 22:11:40.940592,OB5X_202612_F,bid,131.1,12,6896608,36643028
2026-08-07 22:12:12.639400,OB5X_ETF,ask,35.1,192,6897114,36645538
2026-08-07 22:12:12.632642,OB5X_202612_F,bid,130.8,48,6897113,36645536
2026-08-07 22:12:22.201413,OB5X_ETF,bid,34.9,192,6897249,36646274
2026-08-07 22:12:22.206961,OB5X_202706_F,ask,132.9,47,6897250,36646275
2026-08-07 22:12:54.695527,NVDA,bid,38.5,11,6897746,36648888
2026-08-07 22:12:54.701070,TSLA,bid,11.8,27,6897747,36648889
2026-08-07 22:12:54.708483,ASML,bid,50.0,11,6897748,36648890
2026-08-07 22:12:54.759161,SAP,bid,47.2,1,6897749,36648902
2026-08-07 22:12:54.765792,AAPL,bid,123.80000000000001,2,6897750,36648903
2026-08-07 22:12:54.772049,OB5X_202612_F,ask,131.4,12,6897751,36648905
2026-08-07 22:13:22.153154,NVDA,ask,38.400000000000006,3,6898200,36651216
2026-08-07 22:13:22.158696,TSLA,ask,11.8,7,6898201,36651217
2026-08-07 22:13:22.165718,ASML,ask,49.6,3,6898203,36651219
2026-08-07 22:13:22.171299,OB5X_202703_F,bid,131.8,3,6898204,36651220
2026-08-07 22:14:11.075016,NVDA,ask,38.400000000000006,8,6898989,36655287
2026-08-07 22:14:11.080164,TSLA,ask,11.8,18,6898990,36655288
2026-08-07 22:14:11.085398,ASML,ask,49.800000000000004,7,6898991,36655289
2026-08-07 22:14:11.090499,SAP,ask,47.0,1,6898992,36655290
2026-08-07 22:14:11.095616,AAPL,ask,123.7,1,6898993,36655291
2026-08-07 22:14:11.100895,OB5X_202706_F,bid,132.8,8,6898994,36655292
2026-08-07 22:14:11.337395,NVDA,ask,38.400000000000006,1,6899001,36655319
2026-08-07 22:14:11.343490,TSLA,ask,11.8,2,6899002,36655320
2026-08-07 22:14:11.348547,ASML,ask,49.800000000000004,1,6899003,36655321
2026-08-07 22:14:11.353601,OB5X_202706_F,bid,132.8,1,6899004,36655322
2026-08-07 22:14:39.951581,NVDA,bid,38.400000000000006,11,6899483,36657717
2026-08-07 22:14:39.957198,TSLA,bid,11.600000000000001,27,6899484,36657719
2026-08-07 22:14:39.962072,ASML,bid,50.1,11,6899485,36657722
2026-08-07 22:14:39.966946,SAP,bid,47.300000000000004,1,6899486,36657723
2026-08-07 22:14:39.971820,AAPL,bid,123.7,2,6899487,36657724
2026-08-07 22:14:39.977064,OB5X_202612_F,ask,131.20000000000002,12,6899488,36657725
2026-08-07 22:14:57.349136,OB5X_ETF,ask,35.2,192,6899800,36659223
2026-08-07 22:14:57.341611,OB5X_202706_F,bid,133.3,47,6899799,36659220
2026-08-07 22:15:18.394446,NVDA,ask,38.400000000000006,11,6900118,36660972
2026-08-07 22:15:18.399386,TSLA,ask,11.8,27,6900119,36660973
2026-08-07 22:15:18.404522,ASML,ask,49.900000000000006,11,6900120,36660974
2026-08-07 22:15:18.409464,SAP,ask,47.1,1,6900121,36660975
2026-08-07 22:15:18.414365,AAPL,ask,123.60000000000001,2,6900122,36660976
2026-08-07 22:15:18.419449,OB5X_202703_F,bid,131.9,12,6900123,36660977
2026-08-07 22:15:25.582013,OB5X_ETF,bid,35.0,192,6900229,36661567
2026-08-07 22:15:25.587383,OB5X_202706_F,ask,132.8,47,6900230,36661568
2026-08-07 22:16:43.696597,NVDA,bid,38.7,11,6901428,36668083
2026-08-07 22:16:43.701690,TSLA,bid,11.700000000000001,27,6901429,36668084
2026-08-07 22:16:43.706808,ASML,bid,50.300000000000004,11,6901430,36668085
2026-08-07 22:16:43.711863,SAP,bid,47.2,1,6901431,36668086
2026-08-07 22:16:43.716917,AAPL,bid,123.7,2,6901432,36668087
2026-08-07 22:16:43.721947,OB5X_202612_F,ask,131.6,12,6901433,36668088
2026-08-07 22:18:04.100648,NVDA,ask,38.6,11,6902576,36674651
2026-08-07 22:18:04.147896,ASML,ask,50.1,11,6902578,36674665
2026-08-07 22:18:04.155802,SAP,ask,47.0,1,6902580,36674667
2026-08-07 22:18:04.160964,AAPL,ask,123.5,2,6902581,36674668
2026-08-07 22:18:04.166120,OB5X_202706_F,bid,133.6,12,6902582,36674669
2026-08-07 22:18:44.754961,OB5X_ETF,ask,35.2,128,6903332,36678024
2026-08-07 22:18:44.748466,OB5X_202706_F,bid,133.0,31,6903331,36678023
2026-08-07 22:18:46.172714,OB5X_ETF,bid,35.1,128,6903360,36678149
2026-08-07 22:18:46.183257,OB5X_202703_F,ask,132.3,32,6903362,36678151
2026-08-07 22:18:54.846565,OB5X_ETF,ask,35.300000000000004,192,6903504,36678807
2026-08-07 22:18:54.840964,OB5X_202703_F,bid,132.5,47,6903503,36678806
2026-08-07 22:20:02.012387,OB5X_ETF,bid,35.4,192,6904547,36684209
2026-08-07 22:20:02.019126,OB5X_202703_F,ask,133.5,47,6904548,36684210
2026-08-07 22:21:01.539871,OB5X_ETF,ask,35.5,192,6905543,36689470
2026-08-07 22:21:01.534433,OB5X_202703_F,bid,133.70000000000002,47,6905542,36689469
2026-08-07 22:21:27.896462,OB5X_ETF,bid,35.4,192,6905925,36691716
2026-08-07 22:21:27.902080,OB5X_202703_F,ask,133.70000000000002,47,6905926,36691717
2026-08-07 22:23:21.546441,OB5X_ETF,ask,35.6,192,6907644,36701613
2026-08-07 22:23:21.540358,OB5X_202706_F,bid,134.9,47,6907643,36701612
2026-08-07 22:23:25.156143,OB5X_ETF,bid,35.7,192,6907721,36701949
2026-08-07 22:23:25.163606,OB5X_202706_F,ask,135.6,47,6907722,36701951
2026-08-07 22:25:21.336028,OB5X_ETF,ask,35.7,164,6909564,36712045
2026-08-07 22:25:21.323463,OB5X_202703_F,bid,134.3,40,6909562,36712040
2026-08-07 22:25:21.368405,OB5X_ETF,ask,35.7,28,6909566,36712047
2026-08-07 22:25:21.361562,OB5X_202612_F,bid,133.3,7,6909565,36712046
2026-08-07 22:25:27.608207,OB5X_ETF,bid,35.6,192,6909666,36712561
2026-08-07 22:25:27.613281,OB5X_202703_F,ask,134.4,47,6909667,36712562
2026-08-07 22:25:37.110012,OB5X_ETF,ask,35.7,192,6909804,36713329
2026-08-07 22:25:37.104736,OB5X_202612_F,bid,133.5,48,6909803,36713328
2026-08-07 22:25:40.265205,OB5X_ETF,bid,35.5,192,6909873,36713615
2026-08-07 22:25:40.270361,OB5X_202612_F,ask,133.4,48,6909874,36713616
2026-08-07 22:27:12.068531,OB5X_ETF,ask,35.800000000000004,192,6911397,36721276
2026-08-07 22:27:12.062522,OB5X_202703_F,bid,134.9,47,6911396,36721275
2026-08-07 22:27:21.615474,OB5X_ETF,bid,35.6,192,6911548,36722050
2026-08-07 22:27:21.620789,OB5X_202703_F,ask,134.70000000000002,47,6911549,36722051
2026-08-07 22:29:37.988197,OB5X_ETF,ask,36.0,192,6913692,36734059
2026-08-07 22:29:37.982400,OB5X_202612_F,bid,134.6,48,6913691,36734058
2026-08-07 22:29:41.146041,OB5X_ETF,bid,35.800000000000004,192,6913742,36734343
2026-08-07 22:29:41.151364,OB5X_202612_F,ask,134.3,48,6913743,36734344
2026-08-07 22:29:47.435731,OB5X_ETF,ask,35.9,192,6913857,36734913
2026-08-07 22:29:47.429248,OB5X_202612_F,bid,134.3,48,6913856,36734912
2026-08-07 22:29:54.546927,OB5X_ETF,bid,35.7,192,6913974,36735545
2026-08-07 22:29:54.552806,OB5X_202612_F,ask,133.9,48,6913975,36735546
2026-08-07 22:30:22.321255,OB5X_ETF,ask,35.800000000000004,192,6914438,36738071
2026-08-07 22:30:22.316179,OB5X_202703_F,bid,135.0,47,6914437,36738070
2026-08-07 22:30:31.762023,OB5X_ETF,bid,35.7,192,6914576,36738905
2026-08-07 22:30:31.766953,OB5X_202706_F,ask,136.0,47,6914577,36738906
2026-08-07 22:30:41.269312,OB5X_ETF,ask,35.800000000000004,192,6914715,36739735
2026-08-07 22:30:41.264015,OB5X_202706_F,bid,135.70000000000002,47,6914714,36739734
2026-08-07 22:30:50.212192,OB5X_ETF,bid,35.800000000000004,192,6914864,36740515
2026-08-07 22:30:50.220690,OB5X_202706_F,ask,136.1,47,6914865,36740516
2026-08-07 22:33:10.065338,OB5X_ETF,ask,35.800000000000004,192,6917015,36752387
2026-08-07 22:33:10.059153,OB5X_202706_F,bid,135.9,47,6917014,36752386
2026-08-07 22:33:22.743618,OB5X_ETF,bid,35.6,192,6917226,36753428
2026-08-07 22:33:22.751917,OB5X_202706_F,ask,135.5,47,6917227,36753429
2026-08-07 22:33:32.169534,OB5X_ETF,ask,35.800000000000004,192,6917373,36754214
2026-08-07 22:33:32.159386,OB5X_202706_F,bid,135.8,47,6917372,36754212
2026-08-07 22:33:35.390370,OB5X_ETF,bid,35.7,192,6917431,36754473
2026-08-07 22:33:35.397455,OB5X_202706_F,ask,135.70000000000002,47,6917432,36754475
2026-08-07 22:34:13.424591,OB5X_ETF,ask,35.800000000000004,192,6918034,36757635
2026-08-07 22:34:13.409240,OB5X_202612_F,bid,133.5,48,6918030,36757631
2026-08-07 22:34:17.802587,OB5X_ETF,bid,35.7,192,6918099,36757971
2026-08-07 22:34:17.812429,OB5X_202703_F,ask,134.70000000000002,47,6918100,36757972
2026-08-07 22:34:29.280924,OB5X_ETF,ask,35.9,192,6918271,36758929
2026-08-07 22:34:29.275766,OB5X_202706_F,bid,136.20000000000002,47,6918270,36758927
2026-08-07 22:34:37.773559,OB5X_ETF,bid,35.800000000000004,192,6918390,36759593
2026-08-07 22:34:37.827403,OB5X_202706_F,ask,136.20000000000002,47,6918394,36759604
2026-08-07 22:35:00.980471,OB5X_ETF,ask,36.1,192,6918758,36761510
2026-08-07 22:35:00.974130,OB5X_202703_F,bid,135.4,47,6918757,36761509
2026-08-07 22:35:04.130725,OB5X_ETF,bid,35.6,192,6918813,36761751
2026-08-07 22:35:04.135953,OB5X_202612_F,ask,134.1,48,6918814,36761752
2026-08-07 22:36:04.384626,OB5X_ETF,ask,36.0,192,6919819,36766711
2026-08-07 22:36:04.343609,OB5X_202706_F,bid,136.70000000000002,47,6919817,36766699
2026-08-07 22:36:26.418748,OB5X_ETF,bid,35.9,192,6920180,36768585
2026-08-07 22:36:26.425499,OB5X_202612_F,ask,134.5,48,6920181,36768587
2026-08-07 22:37:04.530998,OB5X_ETF,ask,36.0,192,6920789,36771722
2026-08-07 22:37:04.525014,OB5X_202612_F,bid,134.70000000000002,48,6920788,36771720
2026-08-07 22:37:10.878201,OB5X_ETF,bid,35.9,192,6920885,36772250
2026-08-07 22:37:10.886117,OB5X_202703_F,ask,135.70000000000002,47,6920886,36772251
2026-08-07 22:38:14.242245,OB5X_ETF,ask,35.9,192,6921878,36777600
2026-08-07 22:38:14.236668,OB5X_202612_F,bid,134.3,48,6921877,36777599
2026-08-07 22:38:52.302164,OB5X_ETF,bid,35.7,192,6922458,36780978
2026-08-07 22:38:52.308248,OB5X_202612_F,ask,134.0,48,6922459,36780979
2026-08-07 22:39:42.935507,OB5X_ETF,ask,35.9,192,6923266,36785386
2026-08-07 22:39:42.930053,OB5X_202612_F,bid,134.4,48,6923265,36785385
2026-08-07 22:40:17.150379,OB5X_ETF,bid,36.0,192,6923764,36788407
2026-08-07 22:40:17.157243,OB5X_202706_F,ask,136.9,47,6923765,36788409
2026-08-07 22:41:50.406376,OB5X_ETF,ask,35.7,192,6925238,36796614
2026-08-07 22:41:50.401100,OB5X_202706_F,bid,135.5,47,6925237,36796613
2026-08-07 22:41:52.897776,OB5X_ETF,bid,35.6,192,6925279,36796849
2026-08-07 22:41:52.904093,OB5X_202612_F,ask,133.6,48,6925280,36796850
2026-08-07 22:42:21.466348,OB5X_ETF,ask,35.7,192,6925680,36799289
2026-08-07 22:42:21.460440,OB5X_202703_F,bid,134.6,47,6925679,36799288
2026-08-07 22:42:27.804332,OB5X_ETF,bid,35.5,192,6925799,36799861
2026-08-07 22:42:27.812466,OB5X_202706_F,ask,135.3,47,6925800,36799862
2026-08-07 22:42:34.137490,OB5X_ETF,ask,35.800000000000004,192,6925888,36800391
2026-08-07 22:42:34.132163,OB5X_202706_F,bid,135.70000000000002,47,6925887,36800389
2026-08-07 22:42:46.818415,OB5X_ETF,bid,35.5,192,6926116,36801487
2026-08-07 22:42:46.824820,OB5X_202703_F,ask,134.0,47,6926117,36801488
2026-08-07 22:42:49.932080,OB5X_ETF,ask,35.6,192,6926163,36801788
2026-08-07 22:42:49.926349,OB5X_202612_F,bid,133.1,48,6926162,36801786
2026-08-07 22:42:56.350741,OB5X_ETF,bid,35.4,192,6926280,36802360
2026-08-07 22:42:56.356312,OB5X_202612_F,ask,132.6,48,6926281,36802362
2026-08-07 22:45:25.695775,OB5X_ETF,ask,35.800000000000004,20,6928543,36815188
2026-08-07 22:45:25.690118,OB5X_202612_F,bid,134.0,5,6928542,36815187
2026-08-07 22:45:31.634617,OB5X_ETF,bid,35.7,20,6928630,36815628
2026-08-07 22:45:31.640205,OB5X_202706_F,ask,136.1,5,6928631,36815629
2026-08-07 22:46:35.355859,OB5X_ETF,ask,35.800000000000004,192,6929608,36820798
2026-08-07 22:46:35.350751,OB5X_202706_F,bid,135.9,47,6929607,36820797
2026-08-07 22:46:44.491745,OB5X_ETF,bid,35.5,192,6929759,36821537
2026-08-07 22:46:44.498038,OB5X_202706_F,ask,135.6,47,6929760,36821538
2026-08-07 22:46:54.121963,OB5X_ETF,ask,35.7,192,6929922,36822347
2026-08-07 22:46:54.107229,OB5X_202706_F,bid,135.4,47,6929918,36822344
2026-08-07 22:46:57.139876,OB5X_ETF,bid,35.7,192,6929974,36822605
2026-08-07 22:46:57.148197,OB5X_202612_F,ask,133.8,48,6929975,36822606
2026-08-07 22:51:39.141430,OB5X_ETF,ask,35.7,192,6934318,36846441
2026-08-07 22:51:39.134753,OB5X_202703_F,bid,134.5,47,6934317,36846440
2026-08-07 22:52:01.331082,OB5X_ETF,bid,35.6,192,6934629,36848410
2026-08-07 22:52:01.336193,OB5X_202706_F,ask,135.4,47,6934630,36848412
2026-08-07 22:52:36.201983,OB5X_ETF,ask,35.6,192,6935201,36851540
2026-08-07 22:52:36.195621,OB5X_202706_F,bid,135.0,47,6935200,36851539
2026-08-07 22:52:39.368891,OB5X_ETF,bid,35.6,192,6935266,36851846
2026-08-07 22:52:39.375786,OB5X_202706_F,ask,135.4,47,6935267,36851848
2026-08-07 22:53:43.047810,OB5X_ETF,ask,35.800000000000004,192,6936363,36857494
2026-08-07 22:53:43.041703,OB5X_202612_F,bid,133.8,48,6936362,36857493
2026-08-07 22:54:17.635225,OB5X_ETF,bid,35.7,192,6936873,36860508
2026-08-07 22:54:17.641142,OB5X_202703_F,ask,135.1,47,6936874,36860509
2026-08-07 22:54:26.077888,OB5X_ETF,ask,35.7,192,6937019,36861266
2026-08-07 22:54:26.061956,OB5X_202703_F,bid,134.6,47,6937018,36861261
2026-08-07 22:54:28.780479,OB5X_ETF,bid,35.800000000000004,192,6937061,36861507
2026-08-07 22:54:28.786957,OB5X_202706_F,ask,136.3,47,6937062,36861508
2026-08-07 22:55:49.520709,OB5X_ETF,ask,36.0,192,6938350,36868359
2026-08-07 22:55:49.516002,OB5X_202612_F,bid,134.1,48,6938349,36868358
2026-08-07 22:55:59.774716,OB5X_ETF,bid,35.800000000000004,192,6938559,36869213
2026-08-07 22:55:59.779395,OB5X_202706_F,ask,136.3,47,6938560,36869214
2026-08-07 22:56:17.464169,OB5X_ETF,ask,35.9,192,6938849,36870625
2026-08-07 22:56:17.457657,OB5X_202706_F,bid,136.3,47,6938848,36870624
2026-08-07 22:56:24.562803,OB5X_ETF,bid,35.9,192,6938977,36871207
2026-08-07 22:56:24.568088,OB5X_202706_F,ask,136.70000000000002,47,6938978,36871208
2026-08-07 22:59:15.417360,OB5X_ETF,ask,36.300000000000004,192,6941689,36885328
2026-08-07 22:59:15.410861,OB5X_202706_F,bid,137.4,47,6941688,36885327
2026-08-07 22:59:18.564389,OB5X_ETF,bid,35.9,8,6941762,36885601
2026-08-07 22:59:18.569686,OB5X_202703_F,ask,136.4,2,6941763,36885602
2026-08-07 22:59:18.596055,OB5X_ETF,bid,35.9,184,6941764,36885605
2026-08-07 22:59:18.601398,OB5X_202706_F,ask,137.4,45,6941765,36885606
2026-08-07 22:59:32.545437,ASML_202612_100C,ask,26.900000000000002,17,6941957,36882178
2026-08-07 22:59:32.595149,ASML,bid,52.6,14,6941962,36886758
2026-08-07 23:00:18.737595,OB5X_ETF,ask,36.2,192,6942667,36890545
2026-08-07 23:00:18.731747,OB5X_202706_F,bid,137.3,47,6942666,36890542
2026-08-07 23:00:26.602349,NVDA,ask,39.5,14,6942784,36891225
2026-08-07 23:00:26.607704,TSLA,ask,12.100000000000001,34,6942785,36891226
2026-08-07 23:00:26.612794,ASML,ask,52.300000000000004,14,6942786,36891227
2026-08-07 23:00:26.618334,SAP,ask,47.5,2,6942787,36891229
2026-08-07 23:00:26.623452,AAPL,ask,123.80000000000001,2,6942788,36891230
2026-08-07 23:00:26.628549,OB5X_202706_F,bid,137.1,15,6942789,36891231
2026-08-07 23:00:32.101497,NVDA,bid,39.400000000000006,15,6942882,36891674
2026-08-07 23:00:32.107660,TSLA,bid,12.100000000000001,36,6942883,36891675
2026-08-07 23:00:32.116390,ASML,bid,52.300000000000004,15,6942884,36891676
2026-08-07 23:00:32.126022,SAP,bid,47.5,2,6942887,36891678
2026-08-07 23:00:32.137888,AAPL,bid,124.30000000000001,2,6942888,36891680
2026-08-07 23:00:32.179740,OB5X_202703_F,ask,136.20000000000002,16,6942890,36891694
2026-08-07 23:00:32.670684,ASML_202612_100C,bid,26.6,17,6942902,36891735
2026-08-07 23:00:33.613949,ASML,ask,52.2,13,6942919,36891827
2026-08-07 23:00:34.504750,NVDA,ask,39.400000000000006,2,6942929,36891890
2026-08-07 23:00:34.510643,TSLA,ask,12.200000000000001,4,6942930,36891891
2026-08-07 23:00:34.516201,ASML,ask,52.2,2,6942931,36891892
2026-08-07 23:00:34.520924,OB5X_202706_F,bid,137.0,2,6942932,36891893
2026-08-07 23:00:37.023530,OB5X_ETF,bid,36.1,192,6942970,36892108
2026-08-07 23:00:37.030517,OB5X_202703_F,ask,136.3,47,6942971,36892109
2026-08-07 23:00:44.998286,NVDA,bid,39.5,1,6943088,36892787
2026-08-07 23:00:45.003264,TSLA,bid,12.0,2,6943089,36892788
2026-08-07 23:00:45.008492,ASML,bid,52.400000000000006,1,6943090,36892790
2026-08-07 23:00:45.013953,OB5X_202703_F,ask,136.20000000000002,1,6943091,36892792
2026-08-07 23:00:47.253497,OB5X_ETF,ask,36.1,192,6943127,36892966
2026-08-07 23:00:47.247318,OB5X_202706_F,bid,137.20000000000002,47,6943126,36892964
2026-08-07 23:00:59.984596,OB5X_ETF,bid,36.1,192,6943327,36893981
2026-08-07 23:00:59.990602,OB5X_202706_F,ask,137.3,47,6943328,36893982
2026-08-07 23:01:46.763088,NVDA,ask,39.2,1,6944065,36897913
2026-08-07 23:01:46.768609,TSLA,ask,12.0,2,6944066,36897914
2026-08-07 23:01:46.773618,ASML,ask,52.1,1,6944067,36897916
2026-08-07 23:01:46.778522,OB5X_202703_F,bid,135.4,1,6944068,36897917
2026-08-07 23:01:48.654547,OB5X_ETF,ask,35.9,112,6944100,36898069
2026-08-07 23:01:48.641934,OB5X_202703_F,bid,135.4,28,6944099,36898066
2026-08-07 23:02:06.569178,NVDA,bid,39.1,1,6944349,36899482
2026-08-07 23:02:06.574368,TSLA,bid,11.8,2,6944350,36899483
2026-08-07 23:02:06.579600,ASML,bid,52.2,1,6944351,36899484
2026-08-07 23:02:06.584500,OB5X_202612_F,ask,134.5,1,6944352,36899485
2026-08-07 23:02:08.000428,NVDA,ask,39.1,1,6944370,36899625
2026-08-07 23:02:08.013008,TSLA,ask,12.100000000000001,2,6944371,36899629
2026-08-07 23:02:08.027066,ASML,ask,52.300000000000004,1,6944373,36899632
2026-08-07 23:02:08.033065,OB5X_202706_F,bid,136.70000000000002,1,6944374,36899634
2026-08-07 23:02:09.906253,OB5X_ETF,ask,36.0,80,6944398,36899784
2026-08-07 23:02:09.900180,OB5X_202706_F,bid,136.70000000000002,20,6944397,36899783
2026-08-07 23:02:19.164545,OB5X_ETF,bid,35.9,192,6944549,36900577
2026-08-07 23:02:19.169976,OB5X_202612_F,ask,134.70000000000002,48,6944550,36900578
2026-08-07 23:02:28.941813,OB5X_ETF,ask,36.0,192,6944710,36901387
2026-08-07 23:02:28.936557,OB5X_202703_F,bid,135.8,47,6944709,36901386
2026-08-07 23:02:47.792282,OB5X_ETF,bid,35.800000000000004,192,6945006,36902959
2026-08-07 23:02:47.798512,OB5X_202612_F,ask,134.1,48,6945007,36902960
2026-08-07 23:03:00.364536,OB5X_ETF,ask,35.9,192,6945197,36903963
2026-08-07 23:03:00.357795,OB5X_202612_F,bid,134.4,48,6945196,36903962
2026-08-07 23:03:19.769014,OB5X_ETF,bid,35.800000000000004,192,6945505,36905596
2026-08-07 23:03:19.774969,OB5X_202612_F,ask,134.4,48,6945506,36905597
2026-08-07 23:03:25.642887,OB5X_ETF,ask,35.9,192,6945595,36906093
2026-08-07 23:03:25.637229,OB5X_202612_F,bid,134.4,48,6945594,36906092
2026-08-07 23:03:28.860264,OB5X_ETF,bid,35.9,192,6945643,36906348
2026-08-07 23:03:28.865911,OB5X_202703_F,ask,135.70000000000002,47,6945644,36906349
2026-08-07 23:03:44.810357,NVDA,bid,39.300000000000004,1,6945916,36907736
2026-08-07 23:03:44.818933,TSLA,bid,12.100000000000001,2,6945918,36907738
2026-08-07 23:03:44.824168,ASML,bid,52.1,1,6945919,36907739
2026-08-07 23:03:44.829429,OB5X_202703_F,ask,135.70000000000002,1,6945920,36907740
2026-08-07 23:03:52.595217,NVDA,ask,39.1,1,6946037,36908378
2026-08-07 23:03:52.603641,TSLA,ask,12.100000000000001,2,6946039,36908379
2026-08-07 23:03:52.610722,ASML,ask,52.1,1,6946040,36908380
2026-08-07 23:03:52.617143,OB5X_202706_F,bid,136.20000000000002,1,6946041,36908381
2026-08-07 23:04:00.525227,OB5X_ETF,ask,36.0,192,6946167,36909016
2026-08-07 23:04:00.518353,OB5X_202703_F,bid,135.70000000000002,47,6946166,36909015
2026-08-07 23:04:02.186763,NVDA,bid,39.2,1,6946194,36909157
2026-08-07 23:04:02.192251,TSLA,bid,12.100000000000001,2,6946195,36909158
2026-08-07 23:04:02.197520,ASML,bid,51.900000000000006,1,6946196,36909159
2026-08-07 23:04:02.202784,OB5X_202703_F,ask,135.5,1,6946197,36909161
2026-08-07 23:04:15.311944,NVDA,ask,39.0,1,6946381,36910231
2026-08-07 23:04:15.317161,TSLA,ask,12.100000000000001,2,6946382,36910232
2026-08-07 23:04:15.322273,ASML,ask,51.7,1,6946383,36910233
2026-08-07 23:04:15.327305,OB5X_202706_F,bid,135.9,1,6946384,36910234
2026-08-07 23:04:19.545615,OB5X_ETF,bid,35.7,192,6946454,36910579
2026-08-07 23:04:19.551643,OB5X_202612_F,ask,133.8,48,6946455,36910580
2026-08-07 23:04:29.006551,OB5X_ETF,ask,35.9,192,6946596,36911399
2026-08-07 23:04:29.000221,OB5X_202612_F,bid,134.3,48,6946595,36911398
2026-08-07 23:04:35.811574,OB5X_ETF,bid,35.800000000000004,192,6946715,36911949
2026-08-07 23:04:35.817182,OB5X_202612_F,ask,134.1,48,6946716,36911950
2026-08-07 23:05:00.696852,OB5X_ETF,ask,36.0,192,6947109,36914001
2026-08-07 23:05:00.690025,OB5X_202612_F,bid,134.5,48,6947108,36914000
2026-08-07 23:05:10.814888,NVDA,bid,39.1,1,6947285,36914865
2026-08-07 23:05:10.821193,TSLA,bid,12.100000000000001,2,6947286,36914866
2026-08-07 23:05:10.825992,ASML,bid,51.800000000000004,1,6947287,36914867
2026-08-07 23:05:10.833173,OB5X_202703_F,ask,135.4,1,6947289,36914869
2026-08-07 23:05:13.407619,OB5X_ETF,bid,35.800000000000004,192,6947332,36915075
2026-08-07 23:05:13.415964,OB5X_202703_F,ask,135.4,47,6947334,36915077
2026-08-07 23:05:15.259862,NVDA,ask,39.1,1,6947357,36915254
2026-08-07 23:05:15.265150,TSLA,ask,12.100000000000001,2,6947358,36915255
2026-08-07 23:05:15.270352,ASML,ask,51.7,1,6947359,36915256
2026-08-07 23:05:15.275252,OB5X_202706_F,bid,135.8,1,6947360,36915257
2026-08-07 23:05:16.937823,OB5X_ETF,ask,35.800000000000004,192,6947391,36915390
2026-08-07 23:05:16.932888,OB5X_202706_F,bid,135.8,47,6947390,36915389
2026-08-07 23:05:38.760988,OB5X_ETF,bid,35.5,192,6947727,36917200
2026-08-07 23:05:38.766283,OB5X_202612_F,ask,133.5,48,6947728,36917201
2026-08-07 23:06:27.367529,NVDA,bid,39.0,1,6948471,36921167
2026-08-07 23:06:27.384290,TSLA,bid,11.9,2,6948472,36921168
2026-08-07 23:06:27.390125,ASML,bid,51.5,1,6948473,36921169
2026-08-07 23:06:59.918931,NVDA,ask,39.1,1,6948996,36923786
2026-08-07 23:06:59.924384,TSLA,ask,12.100000000000001,2,6948997,36923787
2026-08-07 23:06:59.929313,ASML,ask,51.7,1,6948998,36923788
2026-08-07 23:06:59.934587,OB5X_202703_F,bid,134.9,1,6948999,36923789
2026-08-07 23:07:37.331441,OB5X_ETF,ask,35.9,4,6949594,36926951
2026-08-07 23:07:37.324871,OB5X_202703_F,bid,135.4,1,6949593,36926950
2026-08-07 23:07:37.787537,NVDA,bid,39.400000000000006,1,6949608,36926989
2026-08-07 23:07:37.793668,TSLA,bid,12.200000000000001,2,6949609,36926991
2026-08-07 23:07:37.800715,ASML,bid,51.900000000000006,1,6949611,36926993
2026-08-07 23:07:38.404195,NVDA,ask,39.400000000000006,1,6949619,36927044
2026-08-07 23:07:38.411703,TSLA,ask,12.200000000000001,2,6949620,36927045
2026-08-07 23:07:38.461179,ASML,ask,51.800000000000004,1,6949624,36927059
2026-08-07 23:07:38.471458,OB5X_202612_F,bid,134.4,1,6949625,36927060
2026-08-07 23:07:39.728370,OB5X_ETF,ask,35.9,176,6949653,36927172
2026-08-07 23:07:39.723294,OB5X_202612_F,bid,134.4,44,6949652,36927171
2026-08-07 23:07:41.023021,NVDA,bid,39.400000000000006,1,6949681,36927311
2026-08-07 23:07:41.029260,TSLA,bid,12.100000000000001,2,6949682,36927312
2026-08-07 23:07:41.037944,ASML,bid,51.800000000000004,1,6949684,36927314
2026-08-07 23:07:41.044437,OB5X_202706_F,ask,136.70000000000002,1,6949685,36927316
2026-08-07 23:07:42.315773,OB5X_ETF,bid,35.9,180,6949705,36927406
2026-08-07 23:07:42.321007,OB5X_202706_F,ask,136.70000000000002,44,6949706,36927407
2026-08-07 23:07:51.326908,OB5X_ETF,ask,36.0,192,6949865,36928254
2026-08-07 23:07:51.321335,OB5X_202706_F,bid,136.8,47,6949864,36928253
2026-08-07 23:07:58.463854,OB5X_ETF,bid,35.800000000000004,192,6949984,36928909
2026-08-07 23:07:58.470105,OB5X_202706_F,ask,136.4,47,6949985,36928910
2026-08-07 23:08:00.761387,NVDA,ask,39.300000000000004,1,6950017,36929078
2026-08-07 23:08:00.771438,TSLA,ask,12.3,2,6950018,36929079
2026-08-07 23:08:00.781401,ASML,ask,51.900000000000006,1,6950019,36929080
2026-08-07 23:08:00.793338,OB5X_202703_F,bid,135.70000000000002,1,6950020,36929084
2026-08-07 23:08:04.836838,NVDA,bid,39.300000000000004,1,6950091,36929479
2026-08-07 23:08:04.845598,TSLA,bid,12.0,2,6950092,36929480
2026-08-07 23:08:04.850693,ASML,bid,51.800000000000004,1,6950093,36929481
2026-08-07 23:08:04.855959,OB5X_202706_F,ask,136.70000000000002,1,6950094,36929482
2026-08-07 23:08:05.527082,NVDA,ask,39.1,1,6950110,36929535
2026-08-07 23:08:05.533404,TSLA,ask,12.100000000000001,2,6950111,36929536
2026-08-07 23:08:05.539197,ASML,ask,51.800000000000004,1,6950112,36929537
2026-08-07 23:08:05.544576,OB5X_202706_F,bid,136.20000000000002,1,6950113,36929538
2026-08-07 23:08:07.662735,OB5X_ETF,ask,35.9,12,6950154,36929710
2026-08-07 23:08:07.655877,OB5X_202706_F,bid,136.20000000000002,3,6950153,36929709
2026-08-07 23:08:07.696289,OB5X_ETF,ask,35.9,180,6950156,36929712
2026-08-07 23:08:07.688972,OB5X_202612_F,bid,134.20000000000002,45,6950155,36929711
2026-08-07 23:08:08.920483,NVDA,bid,39.300000000000004,1,6950179,36929868
2026-08-07 23:08:08.925931,TSLA,bid,12.200000000000001,2,6950180,36929869
2026-08-07 23:08:08.933539,ASML,bid,52.0,1,6950182,36929871
2026-08-07 23:08:08.938521,OB5X_202703_F,ask,136.0,1,6950183,36929872
2026-08-07 23:08:10.820771,OB5X_ETF,bid,35.9,192,6950219,36930037
2026-08-07 23:08:10.826047,OB5X_202703_F,ask,136.0,47,6950220,36930038
2026-08-07 23:08:36.048950,NVDA,ask,39.5,1,6950666,36932288
2026-08-07 23:08:36.054263,TSLA,ask,12.100000000000001,2,6950667,36932289
2026-08-07 23:08:36.059939,ASML,ask,52.400000000000006,1,6950668,36932290
2026-08-07 23:08:36.067119,OB5X_202706_F,bid,137.20000000000002,1,6950669,36932291
2026-08-07 23:09:13.132853,NVDA,bid,39.6,1,6951405,36935665
2026-08-07 23:09:13.138362,TSLA,bid,11.9,2,6951406,36935666
2026-08-07 23:09:13.143383,ASML,bid,52.6,1,6951407,36935667
2026-08-07 23:09:13.148376,OB5X_202612_F,ask,135.20000000000002,1,6951408,36935669
2026-08-07 23:09:14.184558,OB5X_ETF,ask,36.300000000000004,192,6951432,36935759
2026-08-07 23:09:14.176849,OB5X_202703_F,bid,136.6,47,6951430,36935757
2026-08-07 23:09:29.421632,OB5X_ETF,bid,36.2,192,6951732,36937178
2026-08-07 23:09:29.426915,OB5X_202706_F,ask,137.8,47,6951733,36937179
2026-08-07 23:09:30.021376,OB5X_ETF,ask,36.300000000000004,192,6951747,36937233
2026-08-07 23:09:30.014371,OB5X_202703_F,bid,136.8,47,6951746,36937232
2026-08-07 23:09:44.695140,NVDA,ask,39.5,1,6952000,36938555
2026-08-07 23:09:44.699862,TSLA,ask,12.200000000000001,2,6952001,36938556
2026-08-07 23:09:44.704461,ASML,ask,52.400000000000006,1,6952002,36938557
2026-08-07 23:09:44.709084,OB5X_ETF,bid,36.1,4,6952003,36938558
2026-08-07 23:09:52.163146,OB5X_ETF,bid,36.0,188,6952110,36939227
2026-08-07 23:09:52.168700,OB5X_202612_F,ask,135.20000000000002,47,6952111,36939228
2026-08-07 23:09:53.894696,NVDA,bid,39.6,1,6952148,36939386
2026-08-07 23:09:53.899940,TSLA,bid,11.8,2,6952149,36939388
2026-08-07 23:09:53.905211,ASML,bid,52.6,1,6952150,36939390
2026-08-07 23:09:53.910509,OB5X_202612_F,ask,135.20000000000002,1,6952151,36939392
2026-08-07 23:10:36.436683,NVDA,ask,39.6,1,6952904,36943203
2026-08-07 23:10:36.443888,TSLA,ask,12.0,2,6952905,36943204
2026-08-07 23:10:36.450930,ASML,ask,52.400000000000006,1,6952906,36943206
2026-08-07 23:10:36.457791,OB5X_202706_F,bid,137.0,1,6952907,36943208
2026-08-07 23:11:06.041109,ASML_202612_100C,ask,27.0,6,6953392,36945151
2026-08-07 23:11:08.198357,OB5X_ETF,ask,36.2,192,6953442,36946000
2026-08-07 23:11:08.191864,OB5X_202706_F,bid,137.3,47,6953441,36945999
2026-08-07 23:11:19.369834,NVDA,bid,39.7,1,6953657,36947020
2026-08-07 23:11:19.375880,TSLA,bid,11.9,2,6953658,36947021
2026-08-07 23:11:19.382474,ASML,bid,52.7,1,6953659,36947023
2026-08-07 23:11:19.389012,OB5X_202703_F,ask,136.3,1,6953660,36947025
2026-08-07 23:11:30.336907,OB5X_ETF,bid,36.1,192,6953855,36948002
2026-08-07 23:11:30.343642,OB5X_202703_F,ask,136.3,47,6953856,36948003
2026-08-07 23:11:35.533205,OB5X_ETF,ask,36.2,192,6953945,36948484
2026-08-07 23:11:35.526557,OB5X_202706_F,bid,137.5,47,6953944,36948482
2026-08-07 23:11:36.507174,NVDA,ask,39.400000000000006,1,6953965,36948567
2026-08-07 23:11:36.512832,TSLA,ask,12.100000000000001,2,6953966,36948568
2026-08-07 23:11:36.518018,ASML,ask,52.800000000000004,1,6953967,36948569
2026-08-07 23:11:36.523331,OB5X_202703_F,bid,136.4,1,6953968,36948570
2026-08-07 23:11:43.025571,OB5X_ETF,bid,36.0,192,6954064,36949139
2026-08-07 23:11:43.031611,OB5X_202706_F,ask,137.0,47,6954065,36949140
2026-08-07 23:11:47.044574,NVDA,bid,39.5,1,6954125,36949499
2026-08-07 23:11:47.049564,TSLA,bid,11.9,2,6954126,36949500
2026-08-07 23:11:47.055391,ASML,bid,52.800000000000004,1,6954127,36949501
2026-08-07 23:11:47.060522,OB5X_202703_F,ask,136.4,1,6954128,36949503
2026-08-07 23:11:49.504419,OB5X_ETF,ask,36.2,192,6954180,36949704
2026-08-07 23:11:49.499311,OB5X_202706_F,bid,137.0,47,6954179,36949703
2026-08-07 23:11:54.430613,NVDA,ask,39.6,1,6954266,36950166
2026-08-07 23:11:54.441351,TSLA,ask,12.0,2,6954268,36950168
2026-08-07 23:11:54.447213,ASML,ask,52.7,1,6954269,36950169
2026-08-07 23:11:54.452844,OB5X_202703_F,bid,136.1,1,6954270,36950170
2026-08-07 23:12:18.877599,OB5X_ETF,bid,35.9,176,6954700,36952346
2026-08-07 23:12:18.882685,OB5X_202706_F,ask,136.70000000000002,43,6954701,36952347
2026-08-07 23:12:21.069999,OB5X_ETF,bid,36.0,16,6954736,36952519
2026-08-07 23:12:21.075975,OB5X_202706_F,ask,137.3,4,6954737,36952521
2026-08-07 23:12:28.303465,ASML_202612_075P,bid,51.5,20,6954893,36953223
2026-08-07 23:12:28.341553,ASML,bid,52.5,10,6954895,36953233
2026-08-07 23:13:02.150181,NVDA,ask,39.5,10,6955513,36956269
2026-08-07 23:13:02.156218,TSLA,ask,11.9,25,6955514,36956271
2026-08-07 23:13:02.162403,ASML,ask,52.7,10,6955515,36956272
2026-08-07 23:13:02.168298,SAP,ask,47.2,1,6955516,36956273
2026-08-07 23:13:02.174961,AAPL,ask,123.60000000000001,1,6955517,36956274
2026-08-07 23:13:02.180702,OB5X_202612_F,bid,134.8,11,6955518,36956275
2026-08-07 23:13:32.298144,NVDA,bid,39.6,11,6956036,36959006
2026-08-07 23:13:32.303806,TSLA,bid,11.9,27,6956037,36959007
2026-08-07 23:13:32.309296,ASML,bid,52.900000000000006,11,6956038,36959009
2026-08-07 23:13:32.314357,SAP,bid,47.300000000000004,1,6956039,36959010
2026-08-07 23:13:32.322336,AAPL,bid,123.2,2,6956041,36959012
2026-08-07 23:13:32.327428,OB5X_202706_F,ask,137.3,12,6956042,36959013
2026-08-07 23:14:18.350794,OB5X_ETF,ask,36.0,192,6956875,36963145
2026-08-07 23:14:18.344530,OB5X_202706_F,bid,136.6,47,6956874,36963144
2026-08-07 23:14:19.049740,NVDA,ask,39.2,11,6956891,36963205
2026-08-07 23:14:19.055014,TSLA,ask,12.0,27,6956892,36963206
2026-08-07 23:14:19.060113,ASML,ask,52.5,11,6956893,36963207
2026-08-07 23:14:19.065186,SAP,ask,47.0,1,6956894,36963208
2026-08-07 23:14:19.070374,AAPL,ask,123.2,2,6956895,36963209
2026-08-07 23:14:19.075525,OB5X_202703_F,bid,135.6,12,6956896,36963210
2026-08-07 23:14:35.844790,NVDA,bid,39.2,11,6957169,36964822
2026-08-07 23:14:35.850355,TSLA,bid,12.0,27,6957170,36964824
2026-08-07 23:14:35.855654,ASML,bid,52.5,11,6957171,36964826
2026-08-07 23:14:35.860678,SAP,bid,47.300000000000004,1,6957172,36964827
2026-08-07 23:14:35.865595,AAPL,bid,123.30000000000001,2,6957173,36964828
2026-08-07 23:14:35.870836,OB5X_202706_F,ask,136.8,12,6957174,36964829
2026-08-07 23:14:40.538158,OB5X_ETF,bid,35.800000000000004,192,6957253,36965271
2026-08-07 23:14:40.543495,OB5X_202706_F,ask,136.20000000000002,47,6957254,36965272
2026-08-07 23:14:49.936750,NVDA,ask,39.2,11,6957408,36966112
2026-08-07 23:14:49.941926,TSLA,ask,12.100000000000001,27,6957409,36966113
2026-08-07 23:14:49.947000,ASML,ask,52.0,11,6957410,36966114
2026-08-07 23:14:49.952074,SAP,ask,47.300000000000004,1,6957411,36966115
2026-08-07 23:14:49.957095,AAPL,ask,123.5,2,6957412,36966116
2026-08-07 23:14:49.962084,OB5X_202706_F,bid,136.5,12,6957413,36966117
2026-08-07 23:15:18.566945,OB5X_ETF,ask,36.0,192,6957929,36968706
2026-08-07 23:15:18.561128,OB5X_202706_F,bid,136.70000000000002,47,6957928,36968705
2026-08-07 23:16:21.292881,NVDA,bid,39.400000000000006,11,6959059,36974629
2026-08-07 23:16:21.301384,TSLA,bid,12.100000000000001,27,6959060,36974632
2026-08-07 23:16:21.306423,ASML,bid,52.5,11,6959061,36974633
2026-08-07 23:16:21.311260,SAP,bid,46.6,1,6959062,36974635
2026-08-07 23:16:21.316271,AAPL,bid,123.2,2,6959063,36974636
2026-08-07 23:16:21.321487,OB5X_202612_F,ask,135.0,12,6959064,36974638
2026-08-07 23:16:25.122800,NVDA,ask,39.6,11,6959128,36974994
2026-08-07 23:16:25.129996,TSLA,ask,12.100000000000001,27,6959129,36974996
2026-08-07 23:16:25.134958,ASML,ask,52.6,11,6959130,36974997
2026-08-07 23:16:25.139789,SAP,ask,46.5,1,6959131,36974998
2026-08-07 23:16:25.145180,AAPL,ask,122.80000000000001,2,6959132,36974999
2026-08-07 23:16:25.153329,OB5X_202703_F,bid,136.20000000000002,12,6959134,36975001
2026-08-07 23:16:29.822198,OB5X_ETF,bid,36.0,192,6959223,36975491
2026-08-07 23:16:29.829346,OB5X_202706_F,ask,137.0,47,6959224,36975492
2026-08-07 23:16:40.283357,OB5X_ETF,ask,36.0,192,6959404,36976496
2026-08-07 23:16:40.277301,OB5X_202706_F,bid,136.9,47,6959403,36976495
2026-08-07 23:16:50.449353,OB5X_ETF,bid,35.800000000000004,192,6959567,36977402
2026-08-07 23:16:50.454639,OB5X_202703_F,ask,135.6,47,6959568,36977403
2026-08-07 23:17:15.965267,NVDA,bid,39.5,11,6960029,36979886
2026-08-07 23:17:15.970244,TSLA,bid,11.8,27,6960030,36979887
2026-08-07 23:17:15.976479,ASML,bid,52.5,11,6960031,36979888
2026-08-07 23:17:15.983296,SAP,bid,46.6,1,6960032,36979889
2026-08-07 23:17:15.990070,AAPL,bid,122.7,2,6960033,36979893
2026-08-07 23:17:15.997036,OB5X_202706_F,ask,136.6,12,6960034,36979896
2026-08-07 23:17:48.881847,NVDA,ask,39.300000000000004,11,6960612,36983003
2026-08-07 23:17:48.887211,TSLA,ask,12.200000000000001,27,6960613,36983004
2026-08-07 23:17:48.892473,ASML,ask,52.5,11,6960614,36983005
2026-08-07 23:17:48.897198,SAP,ask,46.5,1,6960615,36983006
2026-08-07 23:17:48.901863,AAPL,ask,121.7,2,6960616,36983007
2026-08-07 23:17:48.907141,OB5X_202703_F,bid,135.8,12,6960617,36983008
2026-08-07 23:18:04.016642,NVDA,bid,39.5,11,6960869,36984502
2026-08-07 23:18:04.030846,TSLA,bid,12.100000000000001,27,6960871,36984505
2026-08-07 23:18:04.036960,ASML,bid,52.7,11,6960872,36984507
2026-08-07 23:18:04.052363,SAP,bid,46.5,1,6960873,36984511
2026-08-07 23:18:04.058594,AAPL,bid,121.9,2,6960874,36984514
2026-08-07 23:18:04.066417,OB5X_ETF,ask,36.1,48,6960875,36984516
2026-08-07 23:18:04.516686,OB5X_ETF,ask,36.1,144,6960882,36984559
2026-08-07 23:18:04.510841,OB5X_202706_F,bid,137.0,35,6960881,36984558
2026-08-07 23:18:09.857822,OB5X_ETF,bid,35.9,192,6960996,36985088
2026-08-07 23:18:09.865117,OB5X_202703_F,ask,135.70000000000002,47,6960997,36985089
2026-08-07 23:18:45.533720,NVDA,ask,39.400000000000006,11,6961563,36988413
2026-08-07 23:18:45.539676,TSLA,ask,12.200000000000001,27,6961564,36988414
2026-08-07 23:18:45.546931,ASML,ask,52.7,11,6961565,36988415
2026-08-07 23:18:45.552502,SAP,ask,46.5,1,6961566,36988417
2026-08-07 23:18:45.557248,AAPL,ask,121.5,2,6961567,36988418
2026-08-07 23:18:45.564525,OB5X_202703_F,bid,135.70000000000002,12,6961569,36988420
2026-08-07 23:19:04.274276,NVDA,bid,39.300000000000004,11,6961880,36990247
2026-08-07 23:19:04.282284,TSLA,bid,12.100000000000001,27,6961882,36990249
2026-08-07 23:19:04.290332,ASML,bid,52.6,11,6961884,36990252
2026-08-07 23:19:04.294844,SAP,bid,46.400000000000006,1,6961885,36990253
2026-08-07 23:19:04.299438,AAPL,bid,121.10000000000001,2,6961886,36990254
2026-08-07 23:19:04.311858,OB5X_202612_F,ask,134.8,12,6961889,36990256
2026-08-07 23:19:09.660621,NVDA,ask,39.5,11,6961978,36990762
2026-08-07 23:19:09.665849,TSLA,ask,12.0,27,6961979,36990763
2026-08-07 23:19:09.671632,ASML,ask,52.5,11,6961980,36990764
2026-08-07 23:19:09.677075,SAP,ask,46.5,1,6961981,36990766
2026-08-07 23:19:09.684841,AAPL,ask,120.80000000000001,2,6961982,36990768
2026-08-07 23:19:09.689934,OB5X_202703_F,bid,135.5,12,6961983,36990769
2026-08-07 23:19:17.564428,NVDA,bid,39.400000000000006,11,6962118,36991538
2026-08-07 23:19:17.577328,TSLA,bid,12.0,27,6962120,36991541
2026-08-07 23:19:17.582514,ASML,bid,52.300000000000004,11,6962121,36991543
2026-08-07 23:19:17.587765,SAP,bid,46.6,1,6962122,36991544
2026-08-07 23:19:17.593181,AAPL,bid,120.9,2,6962123,36991545
2026-08-07 23:19:17.598399,OB5X_202706_F,ask,136.4,12,6962124,36991547
2026-08-07 23:19:19.331612,OB5X_ETF,ask,35.9,192,6962156,36991715
2026-08-07 23:19:19.326075,OB5X_202703_F,bid,135.4,47,6962155,36991714
2026-08-07 23:19:28.831712,OB5X_ETF,bid,35.7,192,6962325,36992674
2026-08-07 23:19:29.148712,OB5X_202706_F,ask,136.20000000000002,51,6962341,36992718
2026-08-07 23:19:47.816495,OB5X_ETF,ask,36.0,192,6962638,36994490
2026-08-07 23:19:47.811879,OB5X_202706_F,bid,136.3,47,6962637,36994489
2026-08-07 23:19:49.108244,NVDA,ask,39.400000000000006,11,6962675,36994610
2026-08-07 23:19:49.113660,TSLA,ask,11.9,27,6962676,36994612
2026-08-07 23:19:49.122858,ASML,ask,52.5,11,6962677,36994613
2026-08-07 23:19:49.140165,SAP,ask,46.6,1,6962680,36994618
2026-08-07 23:19:49.145510,AAPL,ask,121.2,2,6962681,36994620
2026-08-07 23:19:49.152645,OB5X_202703_F,bid,135.3,12,6962682,36994622
2026-08-07 23:19:50.040638,NVDA,bid,39.5,11,6962699,36994709
2026-08-07 23:19:50.046843,TSLA,bid,11.9,27,6962700,36994710
2026-08-07 23:19:50.052605,ASML,bid,52.5,11,6962701,36994711
2026-08-07 23:19:50.058312,SAP,bid,46.5,1,6962702,36994713
2026-08-07 23:19:50.064059,AAPL,bid,121.30000000000001,2,6962703,36994715
2026-08-07 23:19:50.069170,OB5X_202706_F,ask,136.5,12,6962704,36994716
2026-08-07 23:19:55.801610,NVDA,ask,39.400000000000006,3,6962798,36995272
2026-08-07 23:19:55.807906,TSLA,ask,12.0,7,6962799,36995273
2026-08-07 23:19:55.813812,ASML,ask,52.5,3,6962800,36995274
2026-08-07 23:19:55.819643,OB5X_ETF,bid,35.9,12,6962801,36995275
2026-08-07 23:19:59.286933,NVDA,bid,39.300000000000004,4,6962861,36995628
2026-08-07 23:19:59.292287,TSLA,bid,11.8,9,6962862,36995629
2026-08-07 23:19:59.297558,ASML,bid,52.400000000000006,4,6962863,36995630
2026-08-07 23:19:59.302841,AAPL,bid,121.4,1,6962864,36995631
2026-08-07 23:19:59.307878,OB5X_202703_F,ask,135.6,4,6962865,36995632
2026-08-07 23:20:03.662390,OB5X_ETF,bid,35.800000000000004,180,6962931,36996030
2026-08-07 23:20:03.675855,OB5X_202703_F,ask,135.3,44,6962934,36996033
2026-08-07 23:20:16.727048,NVDA,ask,39.5,12,6963136,36997326
2026-08-07 23:20:16.738055,TSLA,ask,12.0,29,6963138,36997328
2026-08-07 23:20:16.743141,ASML,ask,52.400000000000006,12,6963139,36997329
2026-08-07 23:20:16.748318,SAP,ask,46.5,2,6963140,36997331
2026-08-07 23:20:16.753150,AAPL,ask,121.0,2,6963141,36997333
2026-08-07 23:20:16.758159,OB5X_202612_F,bid,134.4,13,6963142,36997334
2026-08-07 23:20:19.524924,OB5X_ETF,ask,36.0,192,6963203,36997607
2026-08-07 23:20:19.519389,OB5X_202703_F,bid,135.6,47,6963202,36997606
2026-08-07 23:20:31.286073,NVDA,bid,39.6,11,6963421,36998734
2026-08-07 23:20:31.291270,TSLA,bid,12.0,27,6963422,36998735
2026-08-07 23:20:31.296486,ASML,bid,52.1,11,6963423,36998736
2026-08-07 23:20:31.301822,SAP,bid,46.5,1,6963424,36998738
2026-08-07 23:20:31.306886,AAPL,bid,121.4,2,6963425,36998739
2026-08-07 23:20:31.311828,OB5X_202703_F,ask,135.4,12,6963426,36998741
2026-08-07 23:20:35.256842,NVDA,ask,39.5,11,6963499,36999149
2026-08-07 23:20:35.262466,TSLA,ask,12.0,27,6963500,36999150
2026-08-07 23:20:35.267856,ASML,ask,52.400000000000006,11,6963501,36999151
2026-08-07 23:20:35.273085,SAP,ask,46.2,1,6963502,36999152
2026-08-07 23:20:35.278729,AAPL,ask,121.10000000000001,2,6963503,36999154
2026-08-07 23:20:35.286433,OB5X_202612_F,bid,134.4,12,6963504,36999156
2026-08-07 23:21:19.678904,NVDA,bid,39.6,11,6964233,37003273
2026-08-07 23:21:19.684794,TSLA,bid,12.0,27,6964234,37003274
2026-08-07 23:21:19.689934,ASML,bid,52.5,11,6964235,37003275
2026-08-07 23:21:19.695051,SAP,bid,46.6,1,6964236,37003276
2026-08-07 23:21:19.700085,AAPL,bid,121.4,2,6964237,37003277
2026-08-07 23:21:19.705788,OB5X_202703_F,ask,135.9,12,6964238,37003278
2026-08-07 23:21:41.722061,NVDA,ask,39.5,5,6964603,37005287
2026-08-07 23:21:41.727588,TSLA,ask,12.0,11,6964604,37005288
2026-08-07 23:21:41.732731,ASML,ask,52.5,5,6964605,37005289
2026-08-07 23:21:41.737637,SAP,ask,46.300000000000004,1,6964606,37005290
2026-08-07 23:21:41.742599,AAPL,ask,121.0,1,6964607,37005292
2026-08-07 23:21:41.747799,OB5X_202612_F,bid,134.3,5,6964608,37005293
2026-08-07 23:22:16.686139,OB5X_ETF,bid,36.0,192,6965207,37008460
2026-08-07 23:22:16.690520,OB5X_202706_F,ask,137.20000000000002,47,6965208,37008461
2026-08-07 23:22:18.903774,NVDA,ask,39.6,6,6965242,37008643
2026-08-07 23:22:18.909831,TSLA,ask,12.200000000000001,13,6965243,37008644
2026-08-07 23:22:18.915065,ASML,ask,52.800000000000004,5,6965244,37008645
2026-08-07 23:22:18.924559,SAP,ask,46.400000000000006,1,6965245,37008647
2026-08-07 23:22:18.968585,AAPL,ask,121.0,1,6965248,37008659
2026-08-07 23:22:18.974978,OB5X_202703_F,bid,136.1,6,6965249,37008661
2026-08-07 23:22:19.854362,OB5X_ETF,ask,36.1,192,6965268,37008735
2026-08-07 23:22:19.848065,OB5X_202703_F,bid,136.1,47,6965267,37008734
2026-08-07 23:22:29.378357,NVDA,ask,39.7,1,6965432,37009614
2026-08-07 23:22:29.384108,TSLA,ask,12.100000000000001,2,6965433,37009615
2026-08-07 23:22:29.389144,ASML,ask,52.7,1,6965434,37009616
2026-08-07 23:22:29.394230,OB5X_ETF,bid,36.0,4,6965435,37009617
2026-08-07 23:22:30.691305,NVDA,bid,39.7,11,6965466,37009745
2026-08-07 23:22:30.699402,TSLA,bid,11.8,27,6965468,37009748
2026-08-07 23:22:30.705230,ASML,bid,52.900000000000006,11,6965469,37009749
2026-08-07 23:22:30.710575,SAP,bid,46.6,1,6965470,37009751
2026-08-07 23:22:30.715612,AAPL,bid,121.7,2,6965471,37009752
2026-08-07 23:22:30.720679,OB5X_202703_F,ask,136.0,12,6965472,37009753
2026-08-07 23:22:31.081237,NVDA,ask,39.7,11,6965486,37009788
2026-08-07 23:22:31.086448,TSLA,ask,12.0,27,6965487,37009789
2026-08-07 23:22:31.091403,ASML,ask,52.800000000000004,11,6965488,37009790
2026-08-07 23:22:31.096360,SAP,ask,46.5,1,6965489,37009791
2026-08-07 23:22:31.101306,AAPL,ask,121.5,2,6965490,37009792
2026-08-07 23:22:31.106281,OB5X_202706_F,bid,136.9,12,6965491,37009793
2026-08-07 23:22:32.511128,OB5X_ETF,ask,36.1,4,6965525,37009920
2026-08-07 23:22:32.504711,OB5X_202706_F,bid,136.9,1,6965524,37009919
2026-08-07 23:22:35.668299,OB5X_ETF,bid,36.1,180,6965591,37010233
2026-08-07 23:22:35.674884,OB5X_202612_F,ask,135.5,45,6965592,37010234
2026-08-07 23:22:35.702497,OB5X_ETF,bid,36.1,12,6965593,37010237
2026-08-07 23:22:35.707876,OB5X_202703_F,ask,136.5,3,6965594,37010238
2026-08-07 23:22:45.328421,NVDA,bid,39.6,11,6965766,37011078
2026-08-07 23:22:45.333269,TSLA,bid,12.0,27,6965767,37011079
2026-08-07 23:22:45.338136,ASML,bid,52.900000000000006,11,6965768,37011080
2026-08-07 23:22:45.343058,SAP,bid,46.6,1,6965769,37011081
2026-08-07 23:22:45.347984,AAPL,bid,121.60000000000001,2,6965770,37011082
2026-08-07 23:22:45.353223,OB5X_ETF,ask,36.1,48,6965771,37011083
2026-08-07 23:22:48.317932,OB5X_ETF,bid,36.0,48,6965808,37011350
2026-08-07 23:22:48.323772,OB5X_202612_F,ask,135.0,12,6965809,37011351
2026-08-07 23:22:51.447532,OB5X_ETF,ask,36.0,192,6965872,37011605
2026-08-07 23:22:51.441785,OB5X_202612_F,bid,134.8,48,6965871,37011604
2026-08-07 23:22:53.149021,NVDA,ask,39.7,11,6965910,37011783
2026-08-07 23:22:53.154930,TSLA,ask,11.9,27,6965911,37011784
2026-08-07 23:22:53.160415,ASML,ask,52.800000000000004,11,6965912,37011785
2026-08-07 23:22:53.165901,SAP,ask,46.5,1,6965913,37011786
2026-08-07 23:22:53.171296,AAPL,ask,121.60000000000001,2,6965914,37011788
2026-08-07 23:22:53.176745,OB5X_202706_F,bid,136.70000000000002,12,6965915,37011790
2026-08-07 23:22:55.775027,NVDA,bid,39.6,11,6965959,37012011
2026-08-07 23:22:55.780029,TSLA,bid,12.0,27,6965960,37012012
2026-08-07 23:22:55.785033,ASML,bid,52.800000000000004,11,6965961,37012013
2026-08-07 23:22:55.789982,SAP,bid,46.6,1,6965962,37012014
2026-08-07 23:22:55.797328,AAPL,bid,121.80000000000001,2,6965964,37012016
2026-08-07 23:22:55.804298,OB5X_202703_F,ask,136.20000000000002,12,6965966,37012018
2026-08-07 23:22:58.321752,NVDA,ask,39.7,11,6966018,37012246
2026-08-07 23:22:58.327083,TSLA,ask,12.100000000000001,27,6966019,37012247
2026-08-07 23:22:58.332535,ASML,ask,52.900000000000006,11,6966020,37012249
2026-08-07 23:22:58.337833,SAP,ask,46.300000000000004,1,6966021,37012251
2026-08-07 23:22:58.342969,AAPL,ask,121.9,2,6966022,37012252
2026-08-07 23:22:58.348018,OB5X_ETF,bid,36.1,48,6966023,37012253
2026-08-07 23:23:02.550431,OB5X_ETF,bid,36.0,144,6966110,37012625
2026-08-07 23:23:02.564091,OB5X_202706_F,ask,136.9,35,6966111,37012626
2026-08-07 23:23:18.021988,NVDA,bid,39.800000000000004,11,6966408,37014030
2026-08-07 23:23:18.027255,TSLA,bid,11.600000000000001,27,6966409,37014031
2026-08-07 23:23:18.032348,ASML,bid,52.900000000000006,11,6966410,37014032
2026-08-07 23:23:18.037691,SAP,bid,46.5,1,6966411,37014033
2026-08-07 23:23:18.044847,AAPL,bid,121.30000000000001,2,6966413,37014035
2026-08-07 23:23:18.050044,OB5X_ETF,ask,36.0,48,6966414,37014036
2026-08-07 23:23:19.537486,NVDA,ask,39.800000000000004,11,6966443,37014179
2026-08-07 23:23:19.544738,TSLA,ask,11.9,27,6966444,37014181
2026-08-07 23:23:19.550635,ASML,ask,52.900000000000006,11,6966445,37014182
2026-08-07 23:23:19.556835,SAP,ask,46.400000000000006,1,6966446,37014183
2026-08-07 23:23:19.562955,AAPL,ask,121.2,2,6966447,37014184
2026-08-07 23:23:19.571714,OB5X_202706_F,bid,137.0,12,6966448,37014186
2026-08-07 23:23:23.487835,OB5X_ETF,ask,36.0,144,6966526,37014532
2026-08-07 23:23:23.482776,OB5X_202706_F,bid,136.8,35,6966525,37014530
2026-08-07 23:23:35.867325,OB5X_ETF,bid,35.9,192,6966743,37015627
2026-08-07 23:23:35.873919,OB5X_202703_F,ask,135.8,47,6966744,37015630
2026-08-07 23:23:45.240121,OB5X_ETF,ask,36.1,192,6966898,37016440
2026-08-07 23:23:45.233555,OB5X_202703_F,bid,136.1,47,6966897,37016439
2026-08-07 23:24:07.441652,OB5X_ETF,bid,36.2,192,6967315,37018448
2026-08-07 23:24:07.446936,OB5X_202703_F,ask,136.70000000000002,47,6967316,37018449
2026-08-07 23:24:10.612459,OB5X_ETF,ask,36.2,192,6967372,37018741
2026-08-07 23:24:10.607098,OB5X_202703_F,bid,136.6,47,6967371,37018740
2026-08-07 23:24:23.307739,OB5X_ETF,bid,36.2,192,6967613,37019916
2026-08-07 23:24:23.315050,OB5X_202703_F,ask,136.8,9,6967614,37019917
2026-08-07 23:24:23.315050,OB5X_202703_F,ask,136.8,38,6967615,37019917
2026-08-07 23:24:25.164181,NVDA,bid,40.0,11,6967651,37020094
2026-08-07 23:24:25.169703,TSLA,bid,11.9,27,6967652,37020095
2026-08-07 23:24:25.175137,ASML,bid,53.6,11,6967653,37020096
2026-08-07 23:24:25.180268,SAP,bid,46.300000000000004,1,6967654,37020097
2026-08-07 23:24:25.185221,AAPL,bid,120.5,2,6967655,37020098
2026-08-07 23:24:25.190170,OB5X_202706_F,ask,137.8,12,6967656,37020100
2026-08-07 23:24:26.479115,NVDA,ask,39.800000000000004,9,6967685,37020213
2026-08-07 23:24:26.484497,TSLA,ask,12.100000000000001,20,6967686,37020214
2026-08-07 23:24:26.494504,ASML,ask,53.400000000000006,8,6967689,37020216
2026-08-07 23:24:26.504728,SAP,ask,46.2,1,6967690,37020218
2026-08-07 23:24:26.510333,AAPL,ask,120.2,1,6967691,37020219
2026-08-07 23:24:26.515954,OB5X_202612_F,bid,135.6,9,6967692,37020220
2026-08-07 23:24:26.734040,NVDA,bid,39.900000000000006,9,6967698,37020249
2026-08-07 23:24:26.747314,TSLA,bid,12.0,20,6967699,37020250
2026-08-07 23:24:26.752717,ASML,bid,53.5,8,6967700,37020251
2026-08-07 23:24:26.757914,SAP,bid,46.300000000000004,1,6967701,37020252
2026-08-07 23:24:26.765398,AAPL,bid,120.4,1,6967702,37020253
2026-08-07 23:24:26.770748,OB5X_202706_F,ask,137.9,9,6967703,37020254
2026-08-07 23:24:37.132362,OB5X_ETF,ask,36.2,192,6967885,37021198
2026-08-07 23:24:37.124458,OB5X_202706_F,bid,137.6,47,6967884,37021197
2026-08-07 23:24:40.545449,OB5X_ETF,bid,36.2,192,6967939,37021489
2026-08-07 23:24:40.554477,OB5X_202706_F,ask,137.9,47,6967940,37021491
2026-08-07 23:26:58.378439,NVDA,ask,39.6,11,6970217,37033594
2026-08-07 23:26:58.383904,TSLA,ask,11.8,27,6970218,37033595
2026-08-07 23:26:58.389012,ASML,ask,52.800000000000004,11,6970219,37033596
2026-08-07 23:26:58.394466,SAP,ask,46.300000000000004,1,6970220,37033597
2026-08-07 23:26:58.399959,AAPL,ask,120.4,2,6970221,37033598
2026-08-07 23:26:58.407527,OB5X_202703_F,bid,135.20000000000002,12,6970222,37033601
2026-08-07 23:27:12.374161,NVDA,bid,39.5,11,6970460,37034825
2026-08-07 23:27:12.379888,TSLA,bid,11.8,27,6970461,37034826
2026-08-07 23:27:12.385009,ASML,bid,52.800000000000004,11,6970462,37034827
2026-08-07 23:27:12.392266,SAP,bid,46.2,1,6970463,37034828
2026-08-07 23:27:12.397597,AAPL,bid,120.60000000000001,2,6970464,37034829
2026-08-07 23:27:12.402533,OB5X_202612_F,ask,134.3,12,6970465,37034830
2026-08-07 23:28:30.353210,NVDA,ask,39.5,11,6971795,37041542
2026-08-07 23:28:30.358439,TSLA,ask,11.700000000000001,27,6971796,37041543
2026-08-07 23:28:30.363180,ASML,ask,52.900000000000006,11,6971797,37041544
2026-08-07 23:28:30.368577,SAP,ask,46.2,1,6971798,37041546
2026-08-07 23:28:30.373290,AAPL,ask,120.2,2,6971799,37041547
2026-08-07 23:28:30.378112,OB5X_202703_F,bid,135.0,12,6971800,37041548
2026-08-07 23:28:36.670300,NVDA,bid,39.6,11,6971921,37042101
2026-08-07 23:28:36.676189,TSLA,bid,11.9,27,6971922,37042102
2026-08-07 23:28:36.682153,ASML,bid,52.5,11,6971923,37042103
2026-08-07 23:28:36.687911,SAP,bid,46.300000000000004,1,6971924,37042104
2026-08-07 23:28:36.693821,AAPL,bid,120.30000000000001,2,6971925,37042106
2026-08-07 23:28:36.699583,OB5X_202612_F,ask,134.3,12,6971926,37042107
2026-08-07 23:29:05.128306,NVDA,ask,39.5,11,6972389,37044525
2026-08-07 23:29:05.133544,TSLA,ask,11.8,27,6972390,37044526
2026-08-07 23:29:05.138598,ASML,ask,52.7,11,6972391,37044527
2026-08-07 23:29:05.144185,SAP,ask,46.2,1,6972392,37044528
2026-08-07 23:29:05.148995,AAPL,ask,120.0,2,6972393,37044529
2026-08-07 23:29:05.154665,OB5X_202612_F,bid,134.1,12,6972394,37044531
2026-08-07 23:29:15.789331,NVDA,bid,39.6,11,6972576,37045428
2026-08-07 23:29:15.794350,TSLA,bid,11.700000000000001,27,6972577,37045429
2026-08-07 23:29:15.799329,ASML,bid,52.7,11,6972578,37045430
2026-08-07 23:29:15.804373,SAP,bid,46.2,1,6972579,37045431
2026-08-07 23:29:15.816328,AAPL,bid,120.30000000000001,2,6972581,37045433
2026-08-07 23:29:15.821498,OB5X_202612_F,ask,134.20000000000002,12,6972582,37045434
2026-08-07 23:29:28.010736,OB5X_ETF,ask,35.800000000000004,136,6972837,37046525
2026-08-07 23:29:28.005816,OB5X_202703_F,bid,135.0,34,6972836,37046524
2026-08-07 23:29:33.724745,OB5X_ETF,ask,35.9,56,6972937,37047022
2026-08-07 23:29:33.718883,OB5X_202612_F,bid,134.3,14,6972936,37047021
2026-08-07 23:29:59.084633,OB5X_ETF,bid,35.6,192,6973436,37049245
2026-08-07 23:29:59.092581,OB5X_202612_F,ask,133.9,48,6973437,37049246
2026-08-07 23:30:37.053291,NVDA,ask,39.5,11,6974125,37052521
2026-08-07 23:30:37.060077,TSLA,ask,11.8,27,6974126,37052522
2026-08-07 23:30:37.066015,ASML,ask,52.400000000000006,11,6974127,37052523
2026-08-07 23:30:37.071769,SAP,ask,45.900000000000006,1,6974128,37052524
2026-08-07 23:30:37.077543,AAPL,ask,119.4,2,6974129,37052525
2026-08-07 23:30:37.086915,OB5X_202612_F,bid,133.70000000000002,12,6974131,37052527
2026-08-07 23:30:38.737193,NVDA,bid,39.7,11,6974161,37052671
2026-08-07 23:30:38.742072,TSLA,bid,11.5,27,6974162,37052672
2026-08-07 23:30:38.747069,ASML,bid,52.400000000000006,11,6974163,37052673
2026-08-07 23:30:38.751918,SAP,bid,46.1,1,6974164,37052674
2026-08-07 23:30:38.756655,AAPL,bid,119.60000000000001,2,6974165,37052675
2026-08-07 23:30:38.761378,OB5X_202703_F,ask,135.20000000000002,12,6974166,37052676
2026-08-07 23:31:29.971895,NVDA,ask,39.6,11,6975036,37057029
2026-08-07 23:31:29.977033,TSLA,ask,11.9,27,6975037,37057030
2026-08-07 23:31:29.982059,ASML,ask,52.7,11,6975038,37057031
2026-08-07 23:31:29.986950,SAP,ask,45.900000000000006,1,6975039,37057032
2026-08-07 23:31:29.991811,AAPL,ask,119.30000000000001,2,6975040,37057033
2026-08-07 23:31:29.998919,OB5X_202612_F,bid,134.1,12,6975041,37057034
2026-08-07 23:32:07.006247,NVDA,bid,39.5,11,6975703,37060296
2026-08-07 23:32:07.012616,TSLA,bid,11.9,27,6975704,37060297
2026-08-07 23:32:07.017970,ASML,bid,52.400000000000006,11,6975705,37060298
2026-08-07 23:32:07.023318,SAP,bid,45.800000000000004,1,6975706,37060299
2026-08-07 23:32:07.029083,AAPL,bid,119.60000000000001,2,6975707,37060300
2026-08-07 23:32:07.034931,OB5X_ETF,ask,35.800000000000004,48,6975708,37060301
2026-08-07 23:32:08.585233,OB5X_ETF,ask,35.800000000000004,144,6975739,37060422
2026-08-07 23:32:08.579720,OB5X_202706_F,bid,135.8,35,6975738,37060420
2026-08-07 23:32:08.985321,NVDA,ask,39.5,11,6975749,37060460
2026-08-07 23:32:08.991829,TSLA,ask,11.8,20,6975750,37060461
2026-08-07 23:32:08.991829,TSLA,ask,11.8,7,6975751,37060461
2026-08-07 23:32:08.999301,ASML,ask,52.400000000000006,11,6975752,37060462
2026-08-07 23:32:09.013858,SAP,ask,45.7,1,6975754,37060465
2026-08-07 23:32:09.019701,AAPL,ask,119.2,2,6975755,37060466
2026-08-07 23:32:09.027657,OB5X_ETF,bid,35.7,48,6975756,37060468
2026-08-07 23:32:11.798790,OB5X_ETF,bid,35.7,144,6975782,37060706
2026-08-07 23:32:11.805452,OB5X_202706_F,ask,135.70000000000002,35,6975783,37060709
2026-08-07 23:32:12.088550,OB5X_ETF,ask,35.7,48,6975790,37060735
2026-08-07 23:32:12.082473,OB5X_202706_F,bid,135.5,12,6975789,37060734
2026-08-07 23:32:12.242629,OB5X_ETF,ask,35.7,144,6975793,37060746
2026-08-07 23:32:12.237541,OB5X_202703_F,bid,134.5,35,6975792,37060743
2026-08-07 23:32:15.617983,OB5X_ETF,bid,35.7,192,6975846,37061035
2026-08-07 23:32:15.622941,OB5X_202706_F,ask,136.0,47,6975847,37061036
2026-08-07 23:32:21.287035,NVDA,bid,39.7,11,6975934,37061492
2026-08-07 23:32:21.292215,TSLA,bid,11.700000000000001,27,6975935,37061494
2026-08-07 23:32:21.299258,ASML,bid,52.7,11,6975936,37061495
2026-08-07 23:32:21.304580,SAP,bid,46.0,1,6975937,37061497
2026-08-07 23:32:21.309893,AAPL,bid,119.7,2,6975938,37061499
2026-08-07 23:32:21.314887,OB5X_202703_F,ask,135.20000000000002,12,6975939,37061500
2026-08-07 23:32:34.332446,OB5X_ETF,ask,35.9,192,6976131,37062595
2026-08-07 23:32:34.326906,OB5X_202612_F,bid,134.4,48,6976130,37062594
2026-08-07 23:32:40.652379,OB5X_ETF,bid,35.800000000000004,192,6976253,37063168
2026-08-07 23:32:40.658010,OB5X_202703_F,ask,135.9,47,6976254,37063169
2026-08-07 23:32:46.273728,NVDA,ask,39.6,11,6976359,37063659
2026-08-07 23:32:46.282591,TSLA,ask,12.100000000000001,27,6976360,37063662
2026-08-07 23:32:46.288162,ASML,ask,52.7,11,6976361,37063663
2026-08-07 23:32:46.293408,SAP,ask,45.7,1,6976362,37063664
2026-08-07 23:32:46.298801,AAPL,ask,119.5,2,6976363,37063665
2026-08-07 23:32:46.304496,OB5X_202706_F,bid,136.4,12,6976364,37063666
2026-08-07 23:32:46.886639,NVDA,bid,39.7,11,6976377,37063727
2026-08-07 23:32:46.893606,TSLA,bid,12.0,27,6976378,37063730
2026-08-07 23:32:46.900128,ASML,bid,52.800000000000004,11,6976379,37063732
2026-08-07 23:32:46.905436,SAP,bid,45.800000000000004,1,6976380,37063734
2026-08-07 23:32:46.910110,AAPL,bid,119.60000000000001,2,6976381,37063735
2026-08-07 23:32:46.916801,OB5X_202706_F,ask,137.0,12,6976382,37063736
2026-08-07 23:33:05.983510,OB5X_ETF,ask,36.0,192,6976699,37065399
2026-08-07 23:33:05.977468,OB5X_202706_F,bid,136.8,47,6976698,37065398
2026-08-07 23:33:18.639163,OB5X_ETF,bid,35.800000000000004,192,6976886,37066464
2026-08-07 23:33:18.644216,OB5X_202706_F,ask,136.4,47,6976887,37066466
2026-08-07 23:34:34.632419,OB5X_ETF,ask,35.9,192,6978263,37073011
2026-08-07 23:34:34.627243,OB5X_202706_F,bid,136.5,47,6978262,37073010
2026-08-07 23:34:59.105256,NVDA,ask,39.6,11,6978674,37075169
2026-08-07 23:34:59.116797,TSLA,ask,11.9,27,6978676,37075173
2026-08-07 23:34:59.122512,ASML,ask,53.0,11,6978677,37075175
2026-08-07 23:34:59.127665,SAP,ask,45.7,1,6978678,37075176
2026-08-07 23:34:59.132724,AAPL,ask,118.7,2,6978679,37075177
2026-08-07 23:34:59.137852,OB5X_202703_F,bid,135.3,12,6978680,37075178
2026-08-07 23:35:13.993279,OB5X_ETF,bid,36.0,192,6978940,37076454
2026-08-07 23:35:14.000358,OB5X_202706_F,ask,137.0,47,6978941,37076455
2026-08-07 23:35:14.025909,NVDA,bid,39.7,11,6978942,37076459
2026-08-07 23:35:14.030920,TSLA,bid,11.8,15,6978943,37076460
2026-08-07 23:35:14.030920,TSLA,bid,11.8,12,6978944,37076460
2026-08-07 23:35:14.037162,ASML,bid,53.0,11,6978945,37076461
2026-08-07 23:35:14.041937,SAP,bid,45.900000000000006,1,6978946,37076462
2026-08-07 23:35:14.046592,AAPL,bid,119.10000000000001,2,6978947,37076463
2026-08-07 23:35:14.051571,OB5X_202706_F,ask,137.0,12,6978948,37076465
2026-08-07 23:35:17.678543,OB5X_ETF,ask,35.9,192,6979020,37076786
2026-08-07 23:35:17.667209,OB5X_202706_F,bid,136.20000000000002,47,6979019,37076782
2026-08-07 23:35:21.502376,NVDA,ask,39.6,11,6979096,37077121
2026-08-07 23:35:21.515247,TSLA,ask,11.9,27,6979099,37077123
2026-08-07 23:35:21.526305,ASML,ask,53.0,11,6979101,37077126
2026-08-07 23:35:21.532063,SAP,ask,45.900000000000006,1,6979102,37077127
2026-08-07 23:35:21.537379,AAPL,ask,118.9,2,6979103,37077128
2026-08-07 23:35:21.542643,OB5X_ETF,bid,35.9,48,6979104,37077129
2026-08-07 23:35:25.336121,OB5X_ETF,bid,35.800000000000004,144,6979168,37077463
2026-08-07 23:35:25.342290,OB5X_202612_F,ask,134.1,36,6979169,37077464
2026-08-07 23:35:37.332908,NVDA,bid,39.5,11,6979408,37078545
2026-08-07 23:35:37.338496,TSLA,bid,11.700000000000001,27,6979409,37078546
2026-08-07 23:35:37.345428,ASML,bid,53.1,11,6979410,37078548
2026-08-07 23:35:37.353685,SAP,bid,45.7,1,6979411,37078549
2026-08-07 23:35:37.362865,AAPL,bid,119.0,2,6979413,37078552
2026-08-07 23:35:37.371352,OB5X_202612_F,ask,134.4,12,6979414,37078555
2026-08-07 23:35:41.192461,OB5X_ETF,ask,35.9,192,6979486,37078885
2026-08-07 23:35:41.187059,OB5X_202703_F,bid,135.20000000000002,47,6979485,37078884
2026-08-07 23:35:49.882446,NVDA,ask,39.5,11,6979613,37079617
2026-08-07 23:35:49.902079,TSLA,ask,11.700000000000001,27,6979615,37079623
2026-08-07 23:35:49.907599,ASML,ask,52.7,11,6979616,37079625
2026-08-07 23:35:49.912962,SAP,ask,45.6,1,6979617,37079626
2026-08-07 23:35:49.918800,AAPL,ask,119.10000000000001,2,6979618,37079627
2026-08-07 23:35:49.924509,OB5X_202612_F,bid,133.70000000000002,12,6979619,37079629
2026-08-07 23:36:36.844994,NVDA,bid,39.5,11,6980461,37083672
2026-08-07 23:36:36.850381,TSLA,bid,11.5,27,6980462,37083673
2026-08-07 23:36:36.855299,ASML,bid,52.6,11,6980463,37083674
2026-08-07 23:36:36.860498,SAP,bid,45.800000000000004,1,6980464,37083675
2026-08-07 23:36:36.865486,AAPL,bid,118.60000000000001,2,6980465,37083676
2026-08-07 23:36:36.870644,OB5X_202703_F,ask,134.20000000000002,12,6980466,37083677
2026-08-07 23:36:40.813767,NVDA,ask,39.5,11,6980532,37083993
2026-08-07 23:36:40.818671,TSLA,ask,11.600000000000001,27,6980533,37083994
2026-08-07 23:36:40.824237,ASML,ask,52.800000000000004,11,6980534,37083995
2026-08-07 23:36:40.829625,SAP,ask,45.7,1,6980535,37083997
2026-08-07 23:36:40.836933,AAPL,ask,118.7,2,6980537,37083999
2026-08-07 23:36:40.841749,OB5X_202612_F,bid,133.5,12,6980538,37084000
2026-08-07 23:36:50.898730,OB5X_ETF,bid,35.5,192,6980720,37084915
2026-08-07 23:36:50.903859,OB5X_202612_F,ask,133.20000000000002,48,6980721,37084916
2026-08-07 23:37:30.542885,NVDA,bid,39.6,11,6981391,37088451
2026-08-07 23:37:30.547972,TSLA,bid,11.5,27,6981392,37088452
2026-08-07 23:37:30.556787,ASML,bid,52.5,11,6981393,37088454
2026-08-07 23:37:30.570693,SAP,bid,45.6,1,6981395,37088458
2026-08-07 23:37:30.576576,AAPL,bid,118.80000000000001,2,6981396,37088460
2026-08-07 23:37:30.581518,OB5X_202703_F,ask,134.3,12,6981397,37088461
2026-08-07 23:37:51.020946,OB5X_ETF,ask,35.6,192,6981728,37090170
2026-08-07 23:37:51.015441,OB5X_202703_F,bid,133.9,47,6981727,37090168
2026-08-07 23:37:54.239800,OB5X_ETF,bid,35.5,192,6981792,37090466
2026-08-07 23:37:54.245298,OB5X_202703_F,ask,134.3,47,6981793,37090467
2026-08-07 23:37:59.480101,NVDA,ask,39.5,11,6981871,37090916
2026-08-07 23:37:59.485885,TSLA,ask,11.600000000000001,27,6981872,37090917
2026-08-07 23:37:59.491572,ASML,ask,52.2,11,6981873,37090918
2026-08-07 23:37:59.498411,SAP,ask,45.400000000000006,1,6981874,37090920
2026-08-07 23:37:59.504102,AAPL,ask,118.4,2,6981875,37090921
2026-08-07 23:37:59.512650,OB5X_202612_F,bid,132.9,12,6981876,37090922
2026-08-07 23:38:03.472366,NVDA,bid,39.400000000000006,11,6981950,37091271
2026-08-07 23:38:03.477360,TSLA,bid,11.600000000000001,27,6981951,37091272
2026-08-07 23:38:03.482219,ASML,bid,52.1,11,6981952,37091273
2026-08-07 23:38:03.487091,SAP,bid,45.6,1,6981953,37091274
2026-08-07 23:38:03.491948,AAPL,bid,119.0,2,6981954,37091275
2026-08-07 23:38:03.499608,OB5X_ETF,ask,35.5,48,6981955,37091276
2026-08-07 23:38:06.073566,NVDA,ask,39.400000000000006,11,6982011,37091538
2026-08-07 23:38:06.078796,TSLA,ask,11.600000000000001,27,6982012,37091539
2026-08-07 23:38:06.084214,ASML,ask,52.0,11,6982013,37091540
2026-08-07 23:38:06.089147,SAP,ask,45.5,1,6982014,37091541
2026-08-07 23:38:06.094063,AAPL,ask,118.80000000000001,2,6982015,37091543
2026-08-07 23:38:06.098872,OB5X_202612_F,bid,132.70000000000002,12,6982016,37091545
2026-08-07 23:38:06.852338,OB5X_ETF,ask,35.5,144,6982028,37091602
2026-08-07 23:38:06.847003,OB5X_202612_F,bid,132.70000000000002,36,6982027,37091601
2026-08-07 23:38:22.977022,OB5X_ETF,bid,35.4,192,6982325,37093033
2026-08-07 23:38:22.982812,OB5X_202612_F,ask,132.8,48,6982326,37093034
2026-08-07 23:38:27.519902,NVDA,bid,39.5,11,6982422,37093459
2026-08-07 23:38:27.524647,TSLA,bid,11.4,27,6982423,37093460
2026-08-07 23:38:27.529416,ASML,bid,52.300000000000004,11,6982424,37093461
2026-08-07 23:38:27.534465,SAP,bid,45.6,1,6982425,37093462
2026-08-07 23:38:27.539689,AAPL,bid,118.60000000000001,2,6982426,37093464
2026-08-07 23:38:27.544619,OB5X_202703_F,ask,133.9,12,6982427,37093465
2026-08-07 23:38:57.664779,NVDA,ask,39.5,11,6982949,37096105
2026-08-07 23:38:57.670894,TSLA,ask,11.600000000000001,27,6982950,37096106
2026-08-07 23:38:57.676153,ASML,ask,52.6,11,6982951,37096107
2026-08-07 23:38:57.681231,SAP,ask,45.6,1,6982952,37096108
2026-08-07 23:38:57.686941,AAPL,ask,119.0,2,6982953,37096110
2026-08-07 23:38:57.692413,OB5X_202703_F,bid,134.1,12,6982954,37096112
2026-08-07 23:39:21.171631,NVDA,bid,39.6,11,6983368,37098162
2026-08-07 23:39:21.178378,TSLA,bid,11.5,27,6983369,37098163
2026-08-07 23:39:21.184842,ASML,bid,52.6,11,6983370,37098165
2026-08-07 23:39:21.190264,SAP,bid,45.800000000000004,1,6983371,37098166
2026-08-07 23:39:21.195723,AAPL,bid,119.0,2,6983372,37098167
2026-08-07 23:39:21.200524,OB5X_202703_F,ask,134.5,12,6983373,37098168
2026-08-07 23:39:57.629163,NVDA,ask,39.5,11,6984006,37101310
2026-08-07 23:39:57.634569,TSLA,ask,11.5,27,6984007,37101312
2026-08-07 23:39:57.639427,ASML,ask,52.6,11,6984008,37101313
2026-08-07 23:39:57.644353,SAP,ask,45.5,1,6984009,37101314
2026-08-07 23:39:57.649139,AAPL,ask,118.7,2,6984010,37101315
2026-08-07 23:39:57.653975,OB5X_202612_F,bid,133.1,12,6984011,37101316
2026-08-07 23:41:23.732366,NVDA,bid,39.5,11,6985550,37109274
2026-08-07 23:41:23.739163,TSLA,bid,11.5,27,6985551,37109276
2026-08-07 23:41:23.745371,ASML,bid,52.300000000000004,11,6985552,37109277
2026-08-07 23:41:23.754327,SAP,bid,45.400000000000006,1,6985553,37109280
2026-08-07 23:41:23.763358,AAPL,bid,118.9,2,6985555,37109282
2026-08-07 23:41:23.768714,OB5X_ETF,ask,35.5,48,6985556,37109283
2026-08-07 23:41:26.390636,NVDA,ask,39.400000000000006,11,6985593,37109535
2026-08-07 23:41:26.396910,TSLA,ask,11.5,27,6985594,37109536
2026-08-07 23:41:26.402084,ASML,ask,52.6,11,6985595,37109537
2026-08-07 23:41:26.407056,SAP,ask,45.5,1,6985596,37109538
2026-08-07 23:41:26.412600,AAPL,ask,118.5,2,6985597,37109539
2026-08-07 23:41:26.419878,OB5X_ETF,bid,35.5,48,6985598,37109541
2026-08-07 23:41:29.238181,NVDA,bid,39.300000000000004,11,6985649,37109770
2026-08-07 23:41:29.243633,TSLA,bid,11.4,27,6985650,37109773
2026-08-07 23:41:29.252150,ASML,bid,52.6,11,6985651,37109775
2026-08-07 23:41:29.257734,SAP,bid,45.6,1,6985652,37109778
2026-08-07 23:41:29.262956,AAPL,bid,118.60000000000001,2,6985653,37109780
2026-08-07 23:41:29.267535,OB5X_202703_F,ask,133.70000000000002,12,6985654,37109781
2026-08-07 23:41:35.108846,NVDA,ask,39.300000000000004,2,6985761,37110321
2026-08-07 23:41:35.114930,TSLA,ask,11.5,4,6985762,37110322
2026-08-07 23:41:35.120288,ASML,ask,52.400000000000006,2,6985763,37110323
2026-08-07 23:41:35.125577,OB5X_202703_F,bid,133.6,2,6985764,37110324
2026-08-07 23:41:35.160440,NVDA,ask,39.300000000000004,9,6985765,37110326
2026-08-07 23:41:35.167003,TSLA,ask,11.5,20,6985766,37110327
2026-08-07 23:41:35.172083,ASML,ask,52.400000000000006,8,6985767,37110329
2026-08-07 23:41:35.177763,SAP,ask,45.6,1,6985768,37110330
2026-08-07 23:41:35.185955,AAPL,ask,118.7,1,6985769,37110331
2026-08-07 23:41:35.191424,OB5X_202612_F,bid,132.6,9,6985770,37110333
2026-08-07 23:41:35.413139,NVDA,ask,39.300000000000004,1,6985772,37110357
2026-08-07 23:41:35.422794,TSLA,ask,11.5,2,6985773,37110361
2026-08-07 23:41:35.429702,ASML,ask,52.400000000000006,1,6985774,37110363
2026-08-07 23:41:35.434999,OB5X_202612_F,bid,132.6,1,6985775,37110365
2026-08-07 23:41:48.725682,NVDA,bid,39.5,11,6986018,37111638
2026-08-07 23:41:48.735374,ASML,bid,52.5,11,6986019,37111640
2026-08-07 23:41:48.740200,SAP,bid,45.6,1,6986020,37111641
2026-08-07 23:41:48.746387,AAPL,bid,118.60000000000001,2,6986021,37111642
2026-08-07 23:41:48.751206,OB5X_202703_F,ask,133.70000000000002,12,6986022,37111643
2026-08-07 23:42:49.261353,NVDA,ask,39.300000000000004,11,6987193,37117261
2026-08-07 23:42:49.270737,SAP,ask,45.6,1,6987194,37117267
2026-08-07 23:42:49.275368,AAPL,ask,118.2,2,6987195,37117268
2026-08-07 23:42:49.279960,OB5X_202706_F,bid,134.70000000000002,12,6987196,37117269
2026-08-07 23:43:15.663475,NVDA,bid,39.400000000000006,11,6987641,37119616
2026-08-07 23:43:15.670526,TSLA,bid,11.5,27,6987643,37119618
2026-08-07 23:43:15.676581,ASML,bid,52.2,11,6987644,37119619
2026-08-07 23:43:15.681797,SAP,bid,45.800000000000004,1,6987645,37119621
2026-08-07 23:43:15.688221,AAPL,bid,117.9,2,6987646,37119623
2026-08-07 23:43:15.692921,OB5X_202706_F,ask,134.6,12,6987647,37119624
2026-08-07 23:43:21.185693,ASML_202612_050P,ask,31.1,45,6987754,37119651
2026-08-07 23:43:29.831322,ASML_202612_075P,ask,51.800000000000004,45,6987915,37119653
2026-08-07 23:43:30.655593,ASML,ask,52.2,19,6987924,37121120
2026-08-07 23:43:44.520464,NVDA,ask,39.400000000000006,3,6988136,37122484
2026-08-07 23:43:44.526113,TSLA,ask,11.600000000000001,7,6988137,37122486
2026-08-07 23:43:44.531221,ASML,ask,52.300000000000004,3,6988138,37122487
2026-08-07 23:43:44.535813,OB5X_202703_F,bid,133.8,3,6988139,37122488
2026-08-07 23:43:49.814112,NVDA,bid,39.400000000000006,3,6988255,37123014
2026-08-07 23:43:49.826244,ASML,bid,52.300000000000004,3,6988256,37123019
2026-08-07 23:43:49.831163,OB5X_ETF,ask,35.5,12,6988257,37123021
2026-08-07 23:43:52.414816,NVDA,bid,39.400000000000006,3,6988304,37123251
2026-08-07 23:43:52.420440,TSLA,bid,11.3,7,6988305,37123252
2026-08-07 23:43:52.426024,ASML,bid,52.300000000000004,3,6988306,37123254
2026-08-07 23:43:52.432496,OB5X_ETF,ask,35.5,12,6988307,37123256
2026-08-07 23:43:52.632230,OB5X_ETF,ask,35.5,168,6988320,37123296
2026-08-07 23:43:52.621068,OB5X_202706_F,bid,134.5,41,6988318,37123293
2026-08-07 23:43:53.839434,NVDA,ask,39.300000000000004,6,6988341,37123427
2026-08-07 23:43:53.843981,TSLA,ask,11.700000000000001,13,6988342,37123428
2026-08-07 23:43:53.848513,ASML,ask,52.2,5,6988343,37123429
2026-08-07 23:43:53.853253,SAP,ask,45.5,1,6988344,37123431
2026-08-07 23:43:53.857750,AAPL,ask,117.9,1,6988345,37123433
2026-08-07 23:43:53.862208,OB5X_202703_F,bid,133.4,6,6988346,37123434
2026-08-07 23:43:53.887195,NVDA,ask,39.5,1,6988349,37123437
2026-08-07 23:43:53.892874,TSLA,ask,11.700000000000001,2,6988350,37123438
2026-08-07 23:43:53.898394,ASML,ask,52.2,1,6988351,37123440
2026-08-07 23:43:53.903040,OB5X_202612_F,bid,132.4,1,6988352,37123442
2026-08-07 23:43:58.330469,NVDA,bid,39.5,6,6988452,37123887
2026-08-07 23:43:58.341234,TSLA,bid,11.5,13,6988454,37123889
2026-08-07 23:43:58.363953,ASML,bid,52.400000000000006,5,6988456,37123895
2026-08-07 23:43:58.373182,SAP,bid,45.800000000000004,1,6988458,37123898
2026-08-07 23:43:58.380237,OB5X_202703_F,ask,134.1,6,6988459,37123902
2026-08-07 23:44:07.028786,NVDA,ask,39.400000000000006,5,6988622,37124759
2026-08-07 23:44:07.041665,TSLA,ask,11.5,11,6988623,37124761
2026-08-07 23:44:07.047366,ASML,ask,52.6,5,6988624,37124763
2026-08-07 23:44:07.053064,SAP,ask,45.6,1,6988625,37124765
2026-08-07 23:44:07.058640,AAPL,ask,118.10000000000001,1,6988626,37124766
2026-08-07 23:44:07.066216,OB5X_ETF,bid,35.5,20,6988627,37124769
2026-08-07 23:44:19.279130,NVDA,bid,39.300000000000004,5,6988861,37125839
2026-08-07 23:44:19.284369,TSLA,bid,11.5,11,6988862,37125841
2026-08-07 23:44:19.289428,ASML,bid,52.400000000000006,5,6988863,37125842
2026-08-07 23:44:19.294714,SAP,bid,45.800000000000004,1,6988864,37125843
2026-08-07 23:44:19.299560,AAPL,bid,118.5,1,6988865,37125844
2026-08-07 23:44:19.304825,OB5X_202612_F,ask,132.9,5,6988866,37125845
2026-08-07 23:44:22.792207,NVDA,ask,39.300000000000004,5,6988919,37126142
2026-08-07 23:44:22.797012,TSLA,ask,11.5,11,6988920,37126143
2026-08-07 23:44:22.801838,ASML,ask,52.5,5,6988921,37126144
2026-08-07 23:44:22.807102,SAP,ask,45.7,1,6988922,37126145
2026-08-07 23:44:22.812142,AAPL,ask,118.30000000000001,1,6988923,37126146
2026-08-07 23:44:22.817492,OB5X_202703_F,bid,133.8,5,6988924,37126147
2026-08-07 23:44:36.394245,OB5X_ETF,ask,35.6,20,6989152,37127329
2026-08-07 23:44:36.388785,OB5X_202706_F,bid,135.0,5,6989151,37127328
2026-08-07 23:44:55.758663,OB5X_ETF,bid,35.4,192,6989494,37129012
2026-08-07 23:44:55.768007,OB5X_202612_F,ask,132.6,48,6989495,37129014
2026-08-07 23:46:29.279507,NVDA,bid,39.400000000000006,5,6991104,37137271
2026-08-07 23:46:29.284937,TSLA,bid,11.4,11,6991105,37137273
2026-08-07 23:46:29.292915,ASML,bid,52.2,5,6991106,37137274
2026-08-07 23:46:29.298018,SAP,bid,46.0,1,6991107,37137275
2026-08-07 23:46:29.305645,AAPL,bid,119.60000000000001,1,6991108,37137276
2026-08-07 23:46:29.310580,OB5X_202612_F,ask,132.70000000000002,5,6991109,37137277
2026-08-07 23:46:36.699499,NVDA,ask,39.400000000000006,5,6991220,37137936
2026-08-07 23:46:36.707616,TSLA,ask,11.4,11,6991222,37137938
2026-08-07 23:46:36.712504,ASML,ask,52.1,5,6991223,37137939
2026-08-07 23:46:36.719650,SAP,ask,46.0,1,6991224,37137941
2026-08-07 23:46:36.726171,AAPL,ask,119.60000000000001,1,6991225,37137942
2026-08-07 23:46:36.735223,OB5X_202612_F,bid,132.5,5,6991227,37137945
2026-08-07 23:46:50.274885,ASML_202612_100P,bid,73.3,6,6991476,37135028
2026-08-07 23:47:51.861326,NVDA,bid,39.5,5,6992640,37144731
2026-08-07 23:47:51.870216,TSLA,bid,11.200000000000001,11,6992642,37144733
2026-08-07 23:47:51.876456,ASML,bid,52.2,5,6992643,37144735
2026-08-07 23:47:51.882575,SAP,bid,46.1,1,6992644,37144736
2026-08-07 23:47:51.895017,AAPL,bid,119.60000000000001,1,6992648,37144738
2026-08-07 23:47:51.900823,OB5X_202612_F,ask,132.4,5,6992649,37144740
2026-08-07 23:47:58.157975,OB5X_ETF,ask,35.4,192,6992765,37145307
2026-08-07 23:47:58.152206,OB5X_202703_F,bid,133.4,47,6992764,37145306
2026-08-07 23:47:59.417499,OB5X_ETF,bid,35.300000000000004,192,6992791,37145413
2026-08-07 23:47:59.423329,OB5X_202703_F,ask,133.20000000000002,47,6992792,37145414
2026-08-07 23:48:04.985197,NVDA,ask,39.300000000000004,5,6992882,37145887
2026-08-07 23:48:05.001705,TSLA,ask,11.3,11,6992883,37145891
2026-08-07 23:48:05.010170,ASML,ask,52.400000000000006,5,6992884,37145894
2026-08-07 23:48:05.016361,SAP,ask,46.0,1,6992885,37145896
2026-08-07 23:48:05.021519,AAPL,ask,119.9,1,6992886,37145897
2026-08-07 23:48:05.026917,OB5X_202612_F,bid,132.20000000000002,5,6992887,37145898
2026-08-07 23:48:05.567172,OB5X_ETF,ask,35.5,192,6992894,37145946
2026-08-07 23:48:05.555758,OB5X_202612_F,bid,132.5,48,6992893,37145945
2026-08-07 23:48:19.201561,OB5X_ETF,bid,35.4,192,6993165,37147236
2026-08-07 23:48:19.207793,OB5X_202703_F,ask,133.70000000000002,47,6993166,37147238
2026-08-07 23:48:24.549803,OB5X_ETF,ask,35.6,192,6993263,37147734
2026-08-07 23:48:24.542958,OB5X_202703_F,bid,134.0,47,6993262,37147733
2026-08-07 23:48:27.563955,ASML_202612_075P,bid,51.400000000000006,45,6993319,37121250
2026-08-07 23:48:27.615503,ASML,bid,52.7,13,6993320,37148018
2026-08-07 23:48:35.367948,NVDA,ask,39.300000000000004,11,6993465,37148732
2026-08-07 23:48:35.374393,TSLA,ask,11.200000000000001,27,6993466,37148734
2026-08-07 23:48:35.380276,ASML,ask,52.6,11,6993467,37148735
2026-08-07 23:48:35.391356,SAP,ask,46.1,1,6993468,37148737
2026-08-07 23:48:35.397071,AAPL,ask,120.10000000000001,2,6993469,37148739
2026-08-07 23:48:35.404578,OB5X_ETF,bid,35.4,48,6993470,37148740
2026-08-07 23:48:40.375223,OB5X_ETF,bid,35.4,144,6993569,37149184
2026-08-07 23:48:40.380207,OB5X_202706_F,ask,134.70000000000002,35,6993570,37149185
2026-08-07 23:48:51.154555,NVDA,bid,39.300000000000004,11,6993763,37150163
2026-08-07 23:48:51.162221,TSLA,bid,11.200000000000001,27,6993764,37150164
2026-08-07 23:48:51.168573,ASML,bid,52.400000000000006,11,6993765,37150165
2026-08-07 23:48:51.177697,SAP,bid,46.300000000000004,1,6993766,37150166
2026-08-07 23:48:51.183654,AAPL,bid,120.5,2,6993767,37150167
2026-08-07 23:48:51.189727,OB5X_ETF,ask,35.4,48,6993768,37150168
2026-08-07 23:48:59.402865,OB5X_ETF,bid,35.4,48,6993916,37150883
2026-08-07 23:48:59.407820,OB5X_202612_F,ask,132.6,12,6993917,37150884
2026-08-07 23:49:09.586057,NVDA,ask,39.5,12,6994084,37151765
2026-08-07 23:49:09.596795,TSLA,ask,11.3,29,6994085,37151769
2026-08-07 23:49:09.605852,ASML,ask,52.7,12,6994086,37151773
2026-08-07 23:49:09.612699,SAP,ask,46.300000000000004,2,6994087,37151775
2026-08-07 23:49:09.619325,AAPL,ask,120.5,2,6994088,37151777
2026-08-07 23:49:09.626340,OB5X_202703_F,bid,133.9,13,6994089,37151778
2026-08-07 23:49:09.662761,NVDA,ask,39.5,1,6994091,37151784
2026-08-07 23:49:09.669185,TSLA,ask,11.3,1,6994092,37151785
2026-08-07 23:49:09.669185,TSLA,ask,11.3,1,6994093,37151785
2026-08-07 23:49:09.677375,ASML,ask,52.7,1,6994094,37151786
2026-08-07 23:49:09.683176,OB5X_202706_F,bid,134.9,1,6994095,37151787
2026-08-07 23:49:15.262554,OB5X_ETF,ask,35.6,192,6994191,37152270
2026-08-07 23:49:15.255223,OB5X_202612_F,bid,132.9,48,6994189,37152268
2026-08-07 23:49:22.763640,NVDA,bid,39.5,18,6994316,37152898
2026-08-07 23:49:22.769315,TSLA,bid,11.0,43,6994317,37152899
2026-08-07 23:49:22.775056,ASML,bid,52.800000000000004,17,6994318,37152901
2026-08-07 23:49:22.780825,SAP,bid,46.2,2,6994319,37152903
2026-08-07 23:49:22.785662,AAPL,bid,120.7,2,6994320,37152904
2026-08-07 23:49:22.790638,OB5X_202612_F,ask,132.8,19,6994321,37152905
2026-08-07 23:49:23.996495,ASML_202612_100C,bid,26.8,17,6994340,37153016
2026-08-07 23:49:24.060627,ASML_202612_100P,ask,73.5,41,6994342,37152933
2026-08-07 23:49:24.947554,ASML,ask,52.5,17,6994360,37153115
2026-08-07 23:49:31.093656,OB5X_ETF,bid,35.4,192,6994476,37153670
2026-08-07 23:49:31.103885,OB5X_202703_F,ask,133.5,47,6994477,37153672
2026-08-07 23:50:39.431364,OB5X_ETF,ask,35.4,104,6995654,37159727
2026-08-07 23:50:39.425839,OB5X_202703_F,bid,133.4,26,6995653,37159726
2026-08-07 23:50:42.757742,OB5X_ETF,bid,35.4,104,6995716,37160023
2026-08-07 23:50:42.762859,OB5X_202706_F,ask,134.5,25,6995717,37160024
2026-08-07 23:50:49.271684,ASML_202612_100C,ask,26.700000000000003,17,6995837,37159587
2026-08-07 23:51:40.888870,OB5X_ETF,ask,35.5,192,6996792,37165322
2026-08-07 23:51:40.882943,OB5X_202703_F,bid,133.5,47,6996791,37165321
2026-08-07 23:51:59.937736,OB5X_ETF,bid,35.300000000000004,192,6997078,37167018
2026-08-07 23:51:59.942990,OB5X_202612_F,ask,132.6,48,6997079,37167019
2026-08-07 23:52:41.192581,OB5X_ETF,ask,35.6,192,6997863,37170722
2026-08-07 23:52:41.184920,OB5X_202706_F,bid,135.1,47,6997862,37170721
2026-08-07 23:52:50.657186,OB5X_ETF,bid,35.5,192,6998054,37171595
2026-08-07 23:52:50.665086,OB5X_202703_F,ask,134.1,47,6998055,37171597
2026-08-07 23:52:53.786245,OB5X_ETF,ask,35.6,192,6998107,37171861
2026-08-07 23:52:53.779885,OB5X_202703_F,bid,134.20000000000002,47,6998106,37171860
2026-08-07 23:53:35.178705,OB5X_ETF,bid,35.4,192,6998901,37175624
2026-08-07 23:53:35.184058,OB5X_202703_F,ask,133.6,47,6998902,37175625
2026-08-07 23:57:45.264920,OB5X_ETF,ask,35.7,192,7003435,37199085
2026-08-07 23:57:45.259413,OB5X_202703_F,bid,134.3,47,7003434,37199083
2026-08-07 23:57:50.253332,OB5X_ETF,bid,35.7,192,7003531,37199575
2026-08-07 23:57:50.259063,OB5X_202706_F,ask,135.8,47,7003532,37199576
2026-08-07 23:59:14.039471,OB5X_ETF,ask,35.800000000000004,192,7005030,37207595
2026-08-07 23:59:14.033166,OB5X_202706_F,bid,135.5,47,7005029,37207594
2026-08-07 23:59:17.193563,OB5X_ETF,bid,35.6,192,7005098,37207902
2026-08-07 23:59:17.198824,OB5X_202706_F,ask,135.70000000000002,47,7005099,37207903
2026-08-07 23:59:36.188662,OB5X_ETF,ask,35.800000000000004,192,7005450,37209739
2026-08-07 23:59:36.183422,OB5X_202612_F,bid,133.6,48,7005449,37209738
2026-08-07 23:59:45.688642,OB5X_ETF,bid,35.6,192,7005635,37210681
2026-08-07 23:59:45.694232,OB5X_202612_F,ask,133.70000000000002,48,7005636,37210682
2026-08-08 00:00:49.175755,OB5X_ETF,ask,35.9,192,7006787,37216551
2026-08-08 00:00:49.169714,OB5X_202612_F,bid,134.20000000000002,48,7006786,37216549
2026-08-08 00:00:52.386384,OB5X_ETF,bid,35.800000000000004,192,7006833,37216838
2026-08-08 00:00:52.391768,OB5X_202703_F,ask,135.3,47,7006834,37216839
2026-08-08 00:02:14.745879,OB5X_ETF,ask,35.7,192,7008312,37224751
2026-08-08 00:02:14.736617,OB5X_202706_F,bid,135.6,47,7008311,37224749
2026-08-08 00:02:27.377053,OB5X_ETF,bid,35.6,192,7008555,37225974
2026-08-08 00:02:27.382540,OB5X_202612_F,ask,133.3,48,7008556,37225975
2026-08-08 00:02:55.899459,OB5X_ETF,ask,35.800000000000004,192,7009111,37228686
2026-08-08 00:02:55.890456,OB5X_202612_F,bid,133.6,48,7009109,37228684
2026-08-08 00:03:10.882932,OB5X_ETF,bid,35.4,192,7009360,37230184
2026-08-08 00:03:10.890549,OB5X_202706_F,ask,134.9,47,7009362,37230186
2026-08-08 00:07:15.228812,ASML_202612_100P,bid,73.2,41,7013726,37250153
2026-08-08 00:07:15.249360,ASML,bid,52.7,17,7013728,37253505
2026-08-08 00:07:16.499811,ASML_202612_100P,ask,73.5,41,7013753,37253518
2026-08-08 00:07:17.241627,ASML,ask,52.5,13,7013767,37253699
2026-08-08 00:08:34.969964,OB5X_ETF,ask,35.4,192,7015188,37260947
2026-08-08 00:08:34.963459,OB5X_202706_F,bid,134.20000000000002,47,7015187,37260946
2026-08-08 00:08:42.774088,NVDA,ask,39.400000000000006,4,7015322,37261646
2026-08-08 00:08:42.780741,TSLA,ask,11.100000000000001,9,7015323,37261648
2026-08-08 00:08:42.786413,ASML,ask,52.400000000000006,4,7015324,37261649
2026-08-08 00:08:42.792149,AAPL,ask,121.80000000000001,1,7015325,37261651
2026-08-08 00:08:42.797680,OB5X_ETF,bid,35.4,16,7015326,37261652
2026-08-08 00:08:50.766400,OB5X_ETF,ask,35.6,16,7015472,37262392
2026-08-08 00:08:50.760532,OB5X_202706_F,bid,134.0,4,7015471,37262391
2026-08-08 00:09:10.765423,NVDA,bid,39.5,4,7015833,37264187
2026-08-08 00:09:10.772638,TSLA,bid,11.200000000000001,9,7015834,37264190
2026-08-08 00:09:10.781854,ASML,bid,52.0,4,7015835,37264192
2026-08-08 00:09:10.787546,AAPL,bid,122.0,1,7015836,37264194
2026-08-08 00:09:10.793661,OB5X_202612_F,ask,132.6,4,7015837,37264195
2026-08-08 00:09:56.501040,NVDA,ask,39.300000000000004,4,7016639,37268470
2026-08-08 00:09:56.506269,TSLA,ask,11.3,9,7016640,37268472
2026-08-08 00:09:56.511343,ASML,ask,52.2,4,7016641,37268473
2026-08-08 00:09:56.516337,AAPL,ask,121.80000000000001,1,7016642,37268474
2026-08-08 00:09:56.521318,OB5X_202703_F,bid,133.4,4,7016643,37268475
2026-08-08 00:10:00.446973,OB5X_ETF,bid,35.300000000000004,192,7016714,37268857
2026-08-08 00:10:00.452451,OB5X_202612_F,ask,132.3,48,7016715,37268859
2026-08-08 00:10:14.989920,NVDA,bid,39.400000000000006,4,7017019,37270302
2026-08-08 00:10:14.995014,TSLA,bid,10.700000000000001,9,7017020,37270303
2026-08-08 00:10:15.000836,ASML,bid,52.300000000000004,4,7017021,37270305
2026-08-08 00:10:15.006336,AAPL,bid,121.9,1,7017022,37270306
2026-08-08 00:10:15.013805,OB5X_202706_F,ask,134.0,4,7017023,37270308
2026-08-08 00:10:16.307186,OB5X_ETF,ask,35.4,192,7017054,37270443
2026-08-08 00:10:16.297936,OB5X_202703_F,bid,133.3,47,7017051,37270441
2026-08-08 00:10:20.801039,OB5X_ETF,bid,35.4,192,7017130,37270864
2026-08-08 00:10:20.806774,OB5X_202706_F,ask,134.5,47,7017131,37270866
2026-08-08 00:10:24.482992,NVDA,ask,39.300000000000004,4,7017211,37271198
2026-08-08 00:10:24.488342,TSLA,ask,11.100000000000001,9,7017212,37271199
2026-08-08 00:10:24.495471,ASML,ask,52.300000000000004,4,7017213,37271201
2026-08-08 00:10:24.500760,AAPL,ask,121.7,1,7017214,37271203
2026-08-08 00:10:24.505992,OB5X_202703_F,bid,133.1,4,7017215,37271206
2026-08-08 00:10:37.386975,NVDA,bid,39.5,4,7017418,37272290
2026-08-08 00:10:37.394846,TSLA,bid,10.8,9,7017419,37272291
2026-08-08 00:10:37.400651,ASML,bid,52.400000000000006,4,7017420,37272294
2026-08-08 00:10:37.411075,AAPL,bid,121.80000000000001,1,7017422,37272297
2026-08-08 00:10:37.416317,OB5X_202612_F,ask,132.3,4,7017423,37272298
2026-08-08 00:10:44.783238,OB5X_ETF,ask,35.4,192,7017545,37272958
2026-08-08 00:10:44.778444,OB5X_202706_F,bid,134.4,47,7017544,37272957
2026-08-08 00:10:48.779426,OB5X_ETF,bid,35.4,192,7017605,37273301
2026-08-08 00:10:48.784975,OB5X_202706_F,ask,134.5,47,7017606,37273302
2026-08-08 00:11:19.522572,NVDA,ask,39.400000000000006,4,7018154,37276057
2026-08-08 00:11:19.529703,TSLA,ask,11.100000000000001,9,7018155,37276058
2026-08-08 00:11:19.534941,ASML,ask,52.300000000000004,4,7018156,37276060
2026-08-08 00:11:19.539794,AAPL,ask,121.4,1,7018157,37276061
2026-08-08 00:11:19.544540,OB5X_202703_F,bid,133.1,4,7018158,37276062
2026-08-08 00:11:19.655308,OB5X_ETF,ask,35.4,192,7018161,37276069
2026-08-08 00:11:19.650105,OB5X_202703_F,bid,133.1,47,7018160,37276068
2026-08-08 00:11:21.054523,NVDA,bid,39.300000000000004,4,7018188,37276216
2026-08-08 00:11:21.070694,TSLA,bid,11.100000000000001,9,7018189,37276218
2026-08-08 00:11:21.128897,ASML,bid,52.400000000000006,4,7018193,37276234
2026-08-08 00:11:21.170100,OB5X_202703_F,ask,133.5,4,7018199,37276244
2026-08-08 00:11:23.500653,NVDA,ask,39.400000000000006,4,7018238,37276439
2026-08-08 00:11:23.515118,ASML,ask,52.2,4,7018239,37276443
2026-08-08 00:11:23.520589,AAPL,ask,121.4,1,7018240,37276445
2026-08-08 00:11:23.525584,OB5X_202706_F,bid,134.4,4,7018241,37276446
2026-08-08 00:11:32.837191,OB5X_ETF,bid,35.1,8,7018415,37277280
2026-08-08 00:11:32.842516,OB5X_202703_F,ask,132.8,2,7018416,37277282
2026-08-08 00:11:35.493038,OB5X_ETF,bid,35.300000000000004,184,7018462,37277516
2026-08-08 00:11:35.498933,OB5X_202703_F,ask,133.1,45,7018463,37277518
2026-08-08 00:12:10.288502,OB5X_ETF,ask,35.300000000000004,192,7019062,37280654
2026-08-08 00:12:10.279800,OB5X_202612_F,bid,131.8,48,7019061,37280653
2026-08-08 00:12:16.665464,OB5X_ETF,bid,35.0,192,7019178,37281217
2026-08-08 00:12:16.671528,OB5X_202703_F,ask,132.6,47,7019179,37281218
2026-08-08 00:14:04.971070,OB5X_ETF,ask,35.2,192,7021155,37291689
2026-08-08 00:14:04.960022,OB5X_202706_F,bid,133.6,47,7021152,37291686
2026-08-08 00:14:36.447635,OB5X_ETF,bid,35.1,192,7021735,37294760
2026-08-08 00:14:36.454082,OB5X_202706_F,ask,133.3,47,7021736,37294761
2026-08-08 00:17:03.639972,OB5X_ETF,ask,35.0,192,7024461,37308787
2026-08-08 00:17:03.628285,OB5X_202706_F,bid,132.5,47,7024460,37308786
2026-08-08 00:17:06.702978,OB5X_ETF,bid,34.9,192,7024527,37309081
2026-08-08 00:17:06.708757,OB5X_202706_F,ask,133.1,47,7024528,37309082
2026-08-08 00:18:23.990149,OB5X_ETF,ask,35.1,192,7025892,37316678
2026-08-08 00:18:23.984797,OB5X_202703_F,bid,132.1,47,7025891,37316677
2026-08-08 00:18:34.363901,OB5X_ETF,bid,34.9,192,7026105,37317683
2026-08-08 00:18:34.374101,OB5X_202703_F,ask,131.6,47,7026106,37317684
2026-08-08 00:21:02.503057,ASML_202612_100P,bid,73.7,40,7028630,37326657
2026-08-08 00:21:02.563516,ASML,bid,51.0,13,7028632,37331223
2026-08-08 00:21:05.391593,NVDA,ask,39.0,13,7028679,37331500
2026-08-08 00:21:05.396699,TSLA,ask,11.0,31,7028680,37331501
2026-08-08 00:21:05.401856,ASML,ask,51.1,13,7028681,37331502
2026-08-08 00:21:05.406831,SAP,ask,45.900000000000006,2,7028682,37331503
2026-08-08 00:21:05.412021,AAPL,ask,120.0,2,7028683,37331504
2026-08-08 00:21:05.416997,OB5X_202612_F,bid,130.20000000000002,14,7028684,37331505
2026-08-08 00:21:18.298782,OB5X_ETF,ask,34.9,192,7028928,37332742
2026-08-08 00:21:18.291820,OB5X_202703_F,bid,131.4,47,7028927,37332740
2026-08-08 00:21:19.470794,NVDA,bid,39.0,13,7028954,37332849
2026-08-08 00:21:19.476260,TSLA,bid,11.100000000000001,31,7028955,37332850
2026-08-08 00:21:19.481423,ASML,bid,51.1,13,7028956,37332852
2026-08-08 00:21:19.486664,SAP,bid,46.1,2,7028957,37332853
2026-08-08 00:21:19.491713,AAPL,bid,120.10000000000001,2,7028958,37332855
2026-08-08 00:21:19.496824,OB5X_202703_F,ask,131.6,14,7028959,37332856
2026-08-08 00:21:23.001982,NVDA,ask,39.2,13,7029028,37333205
2026-08-08 00:21:23.007390,TSLA,ask,11.0,30,7029029,37333206
2026-08-08 00:21:23.007390,TSLA,ask,11.0,1,7029030,37333206
2026-08-08 00:21:23.014174,ASML,ask,51.1,13,7029031,37333207
2026-08-08 00:21:23.019458,SAP,ask,45.900000000000006,2,7029032,37333208
2026-08-08 00:21:23.024902,AAPL,ask,119.4,2,7029033,37333209
2026-08-08 00:21:23.030106,OB5X_202706_F,bid,132.20000000000002,14,7029034,37333210
2026-08-08 00:21:28.533638,NVDA,bid,39.1,6,7029118,37333724
2026-08-08 00:21:28.539391,TSLA,bid,11.0,13,7029119,37333726
2026-08-08 00:21:28.544498,ASML,bid,51.1,5,7029120,37333727
2026-08-08 00:21:28.549694,SAP,bid,46.1,1,7029121,37333728
2026-08-08 00:21:28.557389,AAPL,bid,120.2,1,7029123,37333730
2026-08-08 00:21:28.564626,OB5X_202703_F,ask,131.5,6,7029125,37333732
2026-08-08 00:21:29.501211,NVDA,bid,38.800000000000004,8,7029151,37333815
2026-08-08 00:21:29.508692,TSLA,bid,11.100000000000001,18,7029152,37333816
2026-08-08 00:21:29.513620,ASML,bid,51.1,7,7029153,37333817
2026-08-08 00:21:29.518714,SAP,bid,46.0,1,7029154,37333818
2026-08-08 00:21:29.523665,AAPL,bid,120.2,1,7029155,37333819
2026-08-08 00:21:29.528838,OB5X_202703_F,ask,131.5,8,7029156,37333820
2026-08-08 00:21:30.561912,NVDA,ask,39.0,12,7029176,37333918
2026-08-08 00:21:30.569568,TSLA,ask,11.100000000000001,29,7029177,37333921
2026-08-08 00:21:30.578461,ASML,ask,51.0,12,7029178,37333923
2026-08-08 00:21:30.584375,SAP,ask,46.0,2,7029179,37333925
2026-08-08 00:21:30.589917,AAPL,ask,120.10000000000001,2,7029180,37333926
2026-08-08 00:21:30.595647,OB5X_202703_F,bid,131.1,13,7029181,37333928
2026-08-08 00:21:40.436894,OB5X_ETF,bid,34.9,192,7029384,37334888
2026-08-08 00:21:40.445953,OB5X_202703_F,ask,131.5,47,7029386,37334891
2026-08-08 00:21:42.724222,NVDA,bid,39.0,12,7029413,37335090
2026-08-08 00:21:42.729276,TSLA,bid,11.100000000000001,29,7029414,37335091
2026-08-08 00:21:42.734492,ASML,bid,51.0,12,7029415,37335092
2026-08-08 00:21:42.739945,SAP,bid,46.0,2,7029416,37335093
2026-08-08 00:21:42.747153,AAPL,bid,119.9,2,7029417,37335095
2026-08-08 00:21:42.752657,OB5X_202612_F,ask,130.5,13,7029418,37335096
2026-08-08 00:21:46.800776,OB5X_ETF,ask,35.0,192,7029498,37335478
2026-08-08 00:21:46.791626,OB5X_202612_F,bid,130.3,48,7029496,37335476
2026-08-08 00:22:03.949799,NVDA,ask,38.900000000000006,12,7029778,37337063
2026-08-08 00:22:03.954919,TSLA,ask,11.100000000000001,29,7029779,37337064
2026-08-08 00:22:03.962057,ASML,ask,51.1,12,7029781,37337066
2026-08-08 00:22:03.967093,SAP,ask,46.0,2,7029782,37337067
2026-08-08 00:22:03.974978,AAPL,ask,119.60000000000001,2,7029783,37337068
2026-08-08 00:22:03.982172,OB5X_ETF,bid,34.9,52,7029784,37337069
2026-08-08 00:22:04.464384,OB5X_ETF,bid,34.9,140,7029800,37337117
2026-08-08 00:22:04.472306,OB5X_202706_F,ask,132.5,34,7029801,37337118
2026-08-08 00:22:08.494461,NVDA,bid,39.1,12,7029864,37337481
2026-08-08 00:22:08.499791,TSLA,bid,11.100000000000001,29,7029865,37337482
2026-08-08 00:22:08.504815,ASML,bid,51.1,12,7029866,37337483
2026-08-08 00:22:08.510070,SAP,bid,46.0,2,7029867,37337484
2026-08-08 00:22:08.515319,AAPL,bid,119.2,2,7029868,37337485
2026-08-08 00:22:08.520718,OB5X_202612_F,ask,130.6,13,7029869,37337486
2026-08-08 00:22:24.865235,OB5X_ETF,ask,35.0,192,7030131,37338929
2026-08-08 00:22:24.857562,OB5X_202706_F,bid,132.6,47,7030130,37338927
2026-08-08 00:22:31.178934,OB5X_ETF,bid,34.800000000000004,192,7030227,37339471
2026-08-08 00:22:31.205950,OB5X_202612_F,ask,130.1,48,7030230,37339477
2026-08-08 00:23:42.636163,NVDA,ask,39.0,12,7031463,37345851
2026-08-08 00:23:42.652101,TSLA,ask,11.0,29,7031464,37345855
2026-08-08 00:23:42.661179,ASML,ask,50.7,12,7031465,37345858
2026-08-08 00:23:42.670462,SAP,ask,45.7,2,7031466,37345860
2026-08-08 00:23:42.681358,OB5X_202612_F,bid,129.70000000000002,13,7031467,37345864
2026-08-08 00:23:43.922391,NVDA,bid,39.1,12,7031480,37345960
2026-08-08 00:23:43.930441,TSLA,bid,10.700000000000001,29,7031481,37345961
2026-08-08 00:23:43.938514,ASML,bid,50.900000000000006,12,7031482,37345963
2026-08-08 00:23:43.970657,SAP,bid,45.800000000000004,2,7031484,37345969
2026-08-08 00:23:43.998249,AAPL,bid,118.80000000000001,2,7031486,37345977
2026-08-08 00:23:44.054075,OB5X_202703_F,ask,130.70000000000002,17,7031489,37345992
2026-08-08 00:23:53.612240,OB5X_ETF,ask,34.800000000000004,192,7031630,37346906
2026-08-08 00:23:53.607065,OB5X_202706_F,bid,131.8,47,7031629,37346905
2026-08-08 00:24:02.524035,NVDA,ask,39.400000000000006,12,7031796,37347734
2026-08-08 00:24:02.529839,TSLA,ask,10.9,29,7031797,37347735
2026-08-08 00:24:02.535409,ASML,ask,50.800000000000004,12,7031798,37347737
2026-08-08 00:24:02.540955,SAP,ask,45.7,2,7031799,37347738
2026-08-08 00:24:02.546350,AAPL,ask,119.0,2,7031800,37347739
2026-08-08 00:24:02.552036,OB5X_ETF,bid,34.800000000000004,52,7031801,37347740
2026-08-08 00:24:12.640086,OB5X_ETF,ask,34.9,52,7031985,37348702
2026-08-08 00:24:12.634268,OB5X_202703_F,bid,131.20000000000002,13,7031984,37348701
2026-08-08 00:24:15.800252,OB5X_ETF,bid,34.800000000000004,192,7032052,37348983
2026-08-08 00:24:15.805891,OB5X_202706_F,ask,132.1,47,7032053,37348984
2026-08-08 00:24:17.016263,NVDA,bid,39.0,12,7032077,37349128
2026-08-08 00:24:17.022051,TSLA,bid,10.9,29,7032078,37349129
2026-08-08 00:24:17.028260,ASML,bid,51.0,12,7032079,37349130
2026-08-08 00:24:17.034473,SAP,bid,45.800000000000004,2,7032080,37349132
2026-08-08 00:24:17.040889,AAPL,bid,119.2,2,7032081,37349134
2026-08-08 00:24:17.048012,OB5X_202706_F,ask,132.1,13,7032082,37349135
2026-08-08 00:24:25.337483,OB5X_ETF,ask,34.9,192,7032240,37349890
2026-08-08 00:24:25.327607,OB5X_202612_F,bid,130.4,48,7032239,37349888
2026-08-08 00:24:37.981090,NVDA,ask,39.2,12,7032486,37351077
2026-08-08 00:24:37.987769,TSLA,ask,10.9,29,7032487,37351078
2026-08-08 00:24:38.026332,SAP,ask,45.7,2,7032488,37351092
2026-08-08 00:24:38.033443,AAPL,ask,118.9,2,7032489,37351094
2026-08-08 00:24:38.038496,OB5X_ETF,bid,34.800000000000004,52,7032490,37351095
2026-08-08 00:24:38.076782,OB5X_ETF,bid,34.800000000000004,140,7032491,37351096
2026-08-08 00:24:38.086323,OB5X_202706_F,ask,132.1,34,7032493,37351099
2026-08-08 00:24:49.866552,NVDA,ask,38.900000000000006,12,7032713,37352180
2026-08-08 00:24:49.877762,TSLA,ask,10.9,29,7032715,37352184
2026-08-08 00:24:49.883878,ASML,ask,51.2,12,7032716,37352186
2026-08-08 00:24:49.888986,SAP,ask,45.7,2,7032717,37352187
2026-08-08 00:24:49.894002,AAPL,ask,118.60000000000001,2,7032718,37352188
2026-08-08 00:24:49.899065,OB5X_202706_F,bid,131.70000000000002,13,7032719,37352189
2026-08-08 00:25:22.740045,NVDA,bid,39.0,25,7033379,37355245
2026-08-08 00:25:22.745392,TSLA,bid,10.8,58,7033380,37355246
2026-08-08 00:25:22.751460,ASML,bid,51.2,24,7033381,37355248
2026-08-08 00:25:22.758448,SAP,bid,45.800000000000004,3,7033382,37355249
2026-08-08 00:25:22.764219,AAPL,bid,118.4,3,7033383,37355251
2026-08-08 00:25:22.771259,OB5X_202612_F,ask,129.8,26,7033384,37355252
2026-08-08 00:25:28.123464,ASML_202612_100C,bid,25.700000000000003,17,7033454,37355304
2026-08-08 00:25:28.849163,ASML,ask,51.2,13,7033476,37355853
2026-08-08 00:25:31.699142,OB5X_ETF,ask,34.800000000000004,192,7033543,37356118
2026-08-08 00:25:31.693456,OB5X_202703_F,bid,131.0,47,7033542,37356117
2026-08-08 00:25:31.991319,NVDA,ask,38.7,11,7033551,37356158
2026-08-08 00:25:31.999181,TSLA,ask,10.9,27,7033553,37356160
2026-08-08 00:25:32.005242,ASML,ask,51.2,11,7033554,37356161
2026-08-08 00:25:32.010737,SAP,ask,45.6,1,7033555,37356162
2026-08-08 00:25:32.022282,AAPL,ask,118.10000000000001,2,7033559,37356164
2026-08-08 00:25:32.032506,OB5X_ETF,bid,34.7,48,7033561,37356166
2026-08-08 00:25:47.654286,OB5X_ETF,bid,34.7,144,7033831,37357597
2026-08-08 00:25:47.660970,OB5X_202703_F,ask,130.8,36,7033832,37357599
2026-08-08 00:25:56.177084,NVDA,bid,39.1,11,7034012,37358433
2026-08-08 00:25:56.192450,TSLA,bid,11.0,27,7034013,37358434
2026-08-08 00:25:56.198556,ASML,bid,51.300000000000004,11,7034014,37358435
2026-08-08 00:25:56.204666,SAP,bid,45.800000000000004,1,7034015,37358436
2026-08-08 00:25:56.210473,AAPL,bid,118.2,2,7034016,37358437
2026-08-08 00:25:56.216438,OB5X_202706_F,ask,132.70000000000002,12,7034017,37358438
2026-08-08 00:26:31.705377,NVDA,ask,39.0,11,7034662,37361805
2026-08-08 00:26:31.710975,TSLA,ask,11.0,27,7034663,37361806
2026-08-08 00:26:31.716303,ASML,ask,51.1,11,7034664,37361807
2026-08-08 00:26:31.723134,SAP,ask,45.7,1,7034666,37361809
2026-08-08 00:26:31.728256,AAPL,ask,118.60000000000001,2,7034667,37361811
2026-08-08 00:26:31.733830,OB5X_202703_F,bid,131.1,12,7034668,37361812
2026-08-08 00:26:32.823477,NVDA,bid,39.1,11,7034683,37361901
2026-08-08 00:26:32.828722,TSLA,bid,10.8,27,7034684,37361903
2026-08-08 00:26:32.837122,ASML,bid,51.2,11,7034685,37361904
2026-08-08 00:26:32.850571,SAP,bid,45.800000000000004,1,7034687,37361908
2026-08-08 00:26:32.863273,AAPL,bid,118.7,2,7034688,37361911
2026-08-08 00:26:32.871431,OB5X_ETF,ask,34.800000000000004,48,7034689,37361914
2026-08-08 00:26:47.112143,NVDA,ask,39.1,11,7034937,37363298
2026-08-08 00:26:47.117541,TSLA,ask,11.100000000000001,27,7034938,37363299
2026-08-08 00:26:47.128181,ASML,ask,51.300000000000004,11,7034940,37363303
2026-08-08 00:26:47.133349,SAP,ask,45.7,1,7034941,37363305
2026-08-08 00:26:47.138051,AAPL,ask,118.80000000000001,2,7034942,37363306
2026-08-08 00:26:47.142968,OB5X_202703_F,bid,131.5,12,7034943,37363307
2026-08-08 00:26:52.053711,OB5X_ETF,ask,34.9,144,7035043,37363742
2026-08-08 00:26:52.046983,OB5X_202706_F,bid,132.3,35,7035042,37363740
2026-08-08 00:27:00.569557,OB5X_ETF,bid,34.800000000000004,192,7035205,37364572
2026-08-08 00:27:00.574901,OB5X_202703_F,ask,131.4,47,7035206,37364573
2026-08-08 00:27:06.861887,NVDA,bid,39.0,11,7035308,37365151
2026-08-08 00:27:06.867477,TSLA,bid,10.9,27,7035309,37365153
2026-08-08 00:27:06.872883,ASML,bid,51.1,11,7035310,37365155
2026-08-08 00:27:06.878182,SAP,bid,45.800000000000004,1,7035311,37365157
2026-08-08 00:27:06.883190,AAPL,bid,119.0,2,7035312,37365158
2026-08-08 00:27:06.888232,OB5X_202706_F,ask,132.1,12,7035313,37365159
2026-08-08 00:27:41.784229,OB5X_ETF,ask,34.800000000000004,192,7035934,37368387
2026-08-08 00:27:41.778395,OB5X_202703_F,bid,130.8,47,7035933,37368386
2026-08-08 00:28:00.762523,NVDA,ask,38.900000000000006,11,7036286,37370215
2026-08-08 00:28:00.836272,TSLA,ask,11.0,27,7036288,37370218
2026-08-08 00:28:00.844079,ASML,ask,51.1,11,7036289,37370220
2026-08-08 00:28:00.849739,SAP,ask,45.900000000000006,1,7036290,37370221
2026-08-08 00:28:00.855433,AAPL,ask,118.7,2,7036291,37370222
2026-08-08 00:28:00.861023,OB5X_ETF,bid,34.800000000000004,48,7036292,37370223
2026-08-08 00:28:25.996800,NVDA,bid,38.800000000000004,11,7036694,37372585
2026-08-08 00:28:26.002550,TSLA,bid,10.9,27,7036695,37372587
2026-08-08 00:28:26.007596,ASML,bid,51.0,11,7036696,37372588
2026-08-08 00:28:26.012811,SAP,bid,45.900000000000006,1,7036697,37372589
2026-08-08 00:28:26.017880,AAPL,bid,118.7,2,7036698,37372591
2026-08-08 00:28:26.023238,OB5X_202703_F,ask,130.9,12,7036699,37372592
2026-08-08 00:28:26.168597,OB5X_ETF,bid,34.6,144,7036703,37372624
2026-08-08 00:28:26.174013,OB5X_202612_F,ask,129.9,36,7036704,37372626
2026-08-08 00:28:37.997154,NVDA,ask,39.0,11,7036933,37373730
2026-08-08 00:28:38.003237,TSLA,ask,11.100000000000001,27,7036934,37373732
2026-08-08 00:28:38.012613,ASML,ask,50.800000000000004,11,7036936,37373734
2026-08-08 00:28:38.018116,SAP,ask,45.800000000000004,1,7036937,37373735
2026-08-08 00:28:38.025408,OB5X_202612_F,bid,130.0,12,7036938,37373739
2026-08-08 00:28:47.503640,NVDA,bid,39.0,11,7037102,37374591
2026-08-08 00:28:47.509720,TSLA,bid,11.0,27,7037103,37374593
2026-08-08 00:28:47.515409,ASML,bid,51.0,11,7037104,37374595
2026-08-08 00:28:47.520567,SAP,bid,45.7,1,7037105,37374596
2026-08-08 00:28:47.527979,AAPL,bid,118.7,2,7037106,37374597
2026-08-08 00:28:47.533969,OB5X_202612_F,ask,130.20000000000002,12,7037107,37374599
2026-08-08 00:28:54.907896,NVDA,ask,38.800000000000004,11,7037218,37375275
2026-08-08 00:28:54.920065,TSLA,ask,11.3,27,7037219,37375279
2026-08-08 00:28:54.926117,ASML,ask,50.900000000000006,11,7037220,37375281
2026-08-08 00:28:54.935971,SAP,ask,45.800000000000004,1,7037222,37375283
2026-08-08 00:28:54.948539,AAPL,ask,118.80000000000001,2,7037224,37375287
2026-08-08 00:28:54.955264,OB5X_202612_F,bid,130.3,12,7037225,37375289
2026-08-08 00:29:04.195316,OB5X_ETF,ask,34.9,192,7037400,37376115
2026-08-08 00:29:04.189841,OB5X_202612_F,bid,129.9,48,7037399,37376114
2026-08-08 00:29:10.557947,OB5X_ETF,bid,34.7,192,7037513,37376694
2026-08-08 00:29:10.563566,OB5X_202612_F,ask,130.0,48,7037514,37376697
2026-08-08 00:29:16.148145,NVDA,bid,38.800000000000004,11,7037622,37377213
2026-08-08 00:29:16.172468,TSLA,bid,11.0,27,7037623,37377215
2026-08-08 00:29:16.179382,ASML,bid,51.1,11,7037624,37377216
2026-08-08 00:29:16.190783,SAP,bid,45.800000000000004,1,7037625,37377218
2026-08-08 00:29:16.196763,AAPL,bid,119.30000000000001,2,7037626,37377219
2026-08-08 00:29:16.202634,OB5X_202706_F,ask,132.1,12,7037627,37377220
2026-08-08 00:29:24.024581,NVDA,ask,39.0,11,7037776,37377974
2026-08-08 00:29:24.034495,TSLA,ask,11.0,27,7037777,37377976
2026-08-08 00:29:24.043148,ASML,ask,51.0,11,7037779,37377978
2026-08-08 00:29:24.049016,SAP,ask,45.900000000000006,1,7037780,37377979
2026-08-08 00:29:24.054952,AAPL,ask,119.5,2,7037781,37377980
2026-08-08 00:29:24.060508,OB5X_202612_F,bid,130.1,12,7037782,37377981
2026-08-08 00:29:39.058250,OB5X_ETF,ask,35.0,192,7038051,37379328
2026-08-08 00:29:39.051972,OB5X_202706_F,bid,132.4,47,7038050,37379327
2026-08-08 00:29:51.560905,NVDA,bid,39.0,11,7038281,37380467
2026-08-08 00:29:51.565771,TSLA,bid,11.100000000000001,27,7038282,37380468
2026-08-08 00:29:51.571794,ASML,bid,50.800000000000004,11,7038283,37380469
2026-08-08 00:29:51.580360,SAP,bid,46.2,1,7038284,37380471
2026-08-08 00:29:51.585819,AAPL,bid,120.0,2,7038285,37380472
2026-08-08 00:29:51.591290,OB5X_202706_F,ask,132.4,12,7038286,37380474
2026-08-08 00:29:53.244669,OB5X_ETF,bid,34.9,192,7038314,37380626
2026-08-08 00:29:53.258974,OB5X_202706_F,ask,132.4,47,7038316,37380630
2026-08-08 00:29:54.895938,OB5X_ETF,ask,35.0,192,7038346,37380798
2026-08-08 00:29:54.888606,OB5X_202706_F,bid,132.4,47,7038344,37380796
2026-08-08 00:30:01.505173,OB5X_ETF,bid,34.9,192,7038452,37381397
2026-08-08 00:30:01.510895,OB5X_202706_F,ask,132.4,47,7038453,37381398
2026-08-08 00:30:36.092002,OB5X_ETF,ask,34.9,192,7039085,37384531
2026-08-08 00:30:36.084765,OB5X_202703_F,bid,131.4,47,7039084,37384529
2026-08-08 00:30:39.272407,OB5X_ETF,bid,34.800000000000004,192,7039152,37384831
2026-08-08 00:30:39.279464,OB5X_202612_F,ask,130.20000000000002,48,7039153,37384832
2026-08-08 00:30:42.991760,TSLA,ask,11.100000000000001,27,7039219,37385191
2026-08-08 00:30:43.002508,ASML,ask,51.0,11,7039222,37385194
2026-08-08 00:30:43.010273,SAP,ask,45.900000000000006,1,7039224,37385197
2026-08-08 00:30:43.015492,AAPL,ask,119.7,2,7039225,37385198
2026-08-08 00:30:43.020688,OB5X_202612_F,bid,130.4,12,7039226,37385199
2026-08-08 00:31:07.769653,OB5X_ETF,ask,35.0,192,7039675,37387420
2026-08-08 00:31:07.764394,OB5X_202706_F,bid,132.6,47,7039674,37387419
2026-08-08 00:31:14.616080,OB5X_ETF,bid,34.9,192,7039825,37388059
2026-08-08 00:31:14.621521,OB5X_202706_F,ask,132.5,47,7039826,37388060
2026-08-08 00:31:20.445493,NVDA,bid,39.0,11,7039916,37388575
2026-08-08 00:31:20.450968,TSLA,bid,11.100000000000001,27,7039917,37388576
2026-08-08 00:31:20.456038,ASML,bid,50.900000000000006,11,7039918,37388578
2026-08-08 00:31:20.461191,SAP,bid,46.1,1,7039919,37388580
2026-08-08 00:31:20.466109,AAPL,bid,119.9,2,7039920,37388581
2026-08-08 00:31:20.470851,OB5X_ETF,ask,35.0,48,7039921,37388582
2026-08-08 00:31:20.516451,OB5X_ETF,ask,35.0,144,7039924,37388586
2026-08-08 00:31:20.507917,OB5X_202612_F,bid,130.70000000000002,36,7039923,37388584
2026-08-08 00:31:47.651482,TSLA,ask,11.200000000000001,27,7040433,37391053
2026-08-08 00:31:47.656829,ASML,ask,51.1,11,7040434,37391055
2026-08-08 00:31:47.662442,SAP,ask,46.0,1,7040435,37391058
2026-08-08 00:31:47.667709,AAPL,ask,119.9,2,7040436,37391059
2026-08-08 00:31:47.672909,OB5X_ETF,bid,34.9,48,7040437,37391060
2026-08-08 00:31:52.107209,OB5X_ETF,bid,34.9,144,7040505,37391432
2026-08-08 00:31:52.114463,OB5X_202612_F,ask,130.70000000000002,36,7040506,37391435
2026-08-08 00:31:59.557482,ASML,bid,51.0,11,7040658,37392144
2026-08-08 00:31:59.562722,SAP,bid,46.1,1,7040659,37392145
2026-08-08 00:31:59.573612,OB5X_202706_F,ask,132.4,12,7040660,37392151
2026-08-08 00:32:07.812370,OB5X_ETF,ask,34.9,192,7040812,37392940
2026-08-08 00:32:07.806764,OB5X_202612_F,bid,130.4,48,7040811,37392939
2026-08-08 00:32:20.659657,OB5X_ETF,bid,34.800000000000004,192,7041050,37394160
2026-08-08 00:32:20.670091,OB5X_202612_F,ask,130.3,48,7041051,37394162
2026-08-08 00:32:23.850368,OB5X_ETF,ask,34.9,192,7041112,37394474
2026-08-08 00:32:23.844760,OB5X_202706_F,bid,132.3,47,7041111,37394473
2026-08-08 00:32:41.793698,NVDA,ask,39.0,11,7041408,37396144
2026-08-08 00:32:41.813516,TSLA,ask,11.200000000000001,27,7041409,37396150
2026-08-08 00:32:41.820410,ASML,ask,51.0,11,7041410,37396152
2026-08-08 00:32:41.827569,SAP,ask,46.1,1,7041411,37396155
2026-08-08 00:32:41.833410,AAPL,ask,119.9,2,7041412,37396156
2026-08-08 00:32:41.840101,OB5X_202612_F,bid,130.6,12,7041413,37396159
2026-08-08 00:32:46.010569,OB5X_ETF,bid,34.800000000000004,192,7041479,37396541
2026-08-08 00:32:46.016223,OB5X_202706_F,ask,132.4,47,7041480,37396542
2026-08-08 00:32:56.316153,OB5X_ETF,ask,34.9,192,7041652,37397547
2026-08-08 00:32:56.310922,OB5X_202706_F,bid,132.3,47,7041651,37397546
2026-08-08 00:33:03.426209,OB5X_ETF,bid,34.800000000000004,192,7041797,37398238
2026-08-08 00:33:03.432015,OB5X_202706_F,ask,132.3,47,7041798,37398239
2026-08-08 00:33:39.854071,NVDA,bid,38.900000000000006,23,7042525,37401808
2026-08-08 00:33:39.859573,TSLA,bid,11.0,54,7042526,37401809
2026-08-08 00:33:39.864398,ASML,bid,51.2,22,7042527,37401810
2026-08-08 00:33:39.869412,SAP,bid,46.300000000000004,3,7042528,37401811
2026-08-08 00:33:39.874136,AAPL,bid,120.30000000000001,3,7042529,37401812
2026-08-08 00:33:39.885560,OB5X_202703_F,ask,131.9,24,7042531,37401814
2026-08-08 00:33:41.024831,ASML_202612_075C,bid,28.200000000000003,16,7042556,37401929
2026-08-08 00:33:42.058322,ASML,ask,51.2,12,7042579,37402074
2026-08-08 00:33:49.138619,NVDA,ask,38.800000000000004,10,7042701,37402777
2026-08-08 00:33:49.145124,TSLA,ask,10.9,25,7042702,37402778
2026-08-08 00:33:49.150461,ASML,ask,51.1,10,7042703,37402780
2026-08-08 00:33:49.155427,SAP,ask,45.900000000000006,1,7042704,37402781
2026-08-08 00:33:49.160309,AAPL,ask,120.4,1,7042705,37402782
2026-08-08 00:33:49.165321,OB5X_202706_F,bid,131.9,11,7042706,37402783
2026-08-08 00:34:02.139284,OB5X_ETF,ask,34.9,192,7042935,37403935
2026-08-08 00:34:02.132891,OB5X_202612_F,bid,130.4,48,7042934,37403934
2026-08-08 00:34:11.629447,OB5X_ETF,bid,34.9,192,7043134,37404815
2026-08-08 00:34:11.634640,OB5X_202612_F,ask,130.5,48,7043135,37404816
2026-08-08 00:34:14.757221,OB5X_ETF,ask,35.0,192,7043184,37405091
2026-08-08 00:34:14.751642,OB5X_202612_F,bid,130.8,48,7043183,37405090
2026-08-08 00:34:23.268237,NVDA,bid,39.0,10,7043365,37405856
2026-08-08 00:34:23.273627,TSLA,bid,10.700000000000001,25,7043366,37405857
2026-08-08 00:34:23.278643,ASML,bid,51.5,10,7043367,37405858
2026-08-08 00:34:23.283840,SAP,bid,46.2,1,7043368,37405859
2026-08-08 00:34:23.289749,AAPL,bid,120.5,1,7043369,37405861
2026-08-08 00:34:23.295314,OB5X_202612_F,ask,130.3,11,7043370,37405863
2026-08-08 00:34:33.921363,OB5X_ETF,bid,35.0,192,7043551,37406807
2026-08-08 00:34:33.937298,OB5X_202703_F,ask,131.9,47,7043552,37406808
2026-08-08 00:34:34.898073,NVDA,ask,38.900000000000006,10,7043576,37406900
2026-08-08 00:34:34.903244,TSLA,ask,11.100000000000001,25,7043577,37406901
2026-08-08 00:34:34.908269,ASML,ask,51.400000000000006,10,7043578,37406902
2026-08-08 00:34:34.913389,SAP,ask,46.2,1,7043579,37406903
2026-08-08 00:34:34.918402,AAPL,ask,120.10000000000001,1,7043580,37406904
2026-08-08 00:34:34.926028,OB5X_202706_F,bid,132.6,11,7043581,37406905
2026-08-08 00:34:36.952815,OB5X_ETF,ask,35.1,192,7043615,37407112
2026-08-08 00:34:36.946833,OB5X_202706_F,bid,132.6,47,7043614,37407111
2026-08-08 00:34:49.584370,OB5X_ETF,bid,35.0,192,7043860,37408222
2026-08-08 00:34:49.589878,OB5X_202706_F,ask,132.8,47,7043861,37408223
2026-08-08 00:35:34.356641,OB5X_ETF,ask,35.1,192,7044665,37412099
2026-08-08 00:35:34.350994,OB5X_202703_F,bid,132.20000000000002,47,7044664,37412098
2026-08-08 00:35:56.595664,NVDA,bid,39.1,10,7045076,37414115
2026-08-08 00:35:56.601469,TSLA,bid,10.9,25,7045077,37414116
2026-08-08 00:35:56.607296,ASML,bid,51.7,10,7045078,37414118
2026-08-08 00:35:56.613038,SAP,bid,46.300000000000004,1,7045079,37414119
2026-08-08 00:35:56.618293,AAPL,bid,120.60000000000001,1,7045080,37414120
2026-08-08 00:35:56.623139,OB5X_202706_F,ask,133.0,11,7045081,37414121
2026-08-08 00:36:21.631840,NVDA,ask,39.0,10,7045483,37416275
2026-08-08 00:36:21.637053,TSLA,ask,11.0,25,7045484,37416276
2026-08-08 00:36:21.642099,ASML,ask,51.400000000000006,10,7045485,37416277
2026-08-08 00:36:21.649986,SAP,ask,46.2,1,7045486,37416278
2026-08-08 00:36:21.688477,AAPL,ask,120.60000000000001,1,7045488,37416289
2026-08-08 00:36:21.694041,OB5X_202706_F,bid,132.5,11,7045489,37416290
2026-08-08 00:36:26.895252,NVDA,bid,39.1,10,7045563,37416743
2026-08-08 00:36:26.900737,TSLA,bid,10.700000000000001,25,7045564,37416745
2026-08-08 00:36:26.905712,ASML,bid,51.400000000000006,10,7045565,37416746
2026-08-08 00:36:26.910830,SAP,bid,46.400000000000006,1,7045566,37416747
2026-08-08 00:36:26.915732,AAPL,bid,120.80000000000001,1,7045567,37416748
2026-08-08 00:36:26.922084,OB5X_202612_F,ask,130.4,11,7045568,37416750
2026-08-08 00:36:32.289332,NVDA,ask,38.900000000000006,10,7045672,37417218
2026-08-08 00:36:32.295439,TSLA,ask,11.200000000000001,25,7045673,37417219
2026-08-08 00:36:32.300850,ASML,ask,51.400000000000006,10,7045674,37417220
2026-08-08 00:36:32.306384,SAP,ask,46.300000000000004,1,7045675,37417221
2026-08-08 00:36:32.312543,AAPL,ask,120.7,1,7045676,37417222
2026-08-08 00:36:32.318471,OB5X_202706_F,bid,133.0,11,7045677,37417223
2026-08-08 00:36:56.391265,OB5X_ETF,bid,34.9,192,7046130,37419381
2026-08-08 00:36:56.398091,OB5X_202612_F,ask,130.5,48,7046131,37419382
2026-08-08 00:39:12.576925,NVDA,bid,39.300000000000004,10,7048555,37432113
2026-08-08 00:39:12.582424,TSLA,bid,10.8,25,7048556,37432114
2026-08-08 00:39:12.587836,ASML,bid,52.0,10,7048557,37432115
2026-08-08 00:39:12.594147,SAP,bid,46.2,1,7048558,37432117
2026-08-08 00:39:12.599540,AAPL,bid,120.80000000000001,1,7048559,37432118
2026-08-08 00:39:12.605072,OB5X_202703_F,ask,132.3,11,7048560,37432119
2026-08-08 00:39:13.891486,NVDA,ask,39.300000000000004,10,7048600,37432243
2026-08-08 00:39:13.896435,TSLA,ask,11.100000000000001,25,7048601,37432244
2026-08-08 00:39:13.901409,ASML,ask,51.900000000000006,10,7048602,37432245
2026-08-08 00:39:13.906210,SAP,ask,46.0,1,7048603,37432246
2026-08-08 00:39:13.911155,AAPL,ask,120.7,1,7048604,37432247
2026-08-08 00:39:13.915867,OB5X_202612_F,bid,131.6,11,7048605,37432248
2026-08-08 00:39:15.212259,NVDA,bid,39.400000000000006,10,7048634,37432368
2026-08-08 00:39:15.217407,TSLA,bid,10.8,25,7048635,37432369
2026-08-08 00:39:15.222420,ASML,bid,51.900000000000006,10,7048636,37432370
2026-08-08 00:39:15.227631,SAP,bid,46.1,1,7048637,37432372
2026-08-08 00:39:15.232897,AAPL,bid,120.9,1,7048638,37432374
2026-08-08 00:39:15.237595,OB5X_202706_F,ask,133.3,11,7048639,37432375
2026-08-08 00:39:28.341283,OB5X_ETF,ask,35.2,184,7048868,37433592
2026-08-08 00:39:28.336147,OB5X_202706_F,bid,133.5,45,7048867,37433590
2026-08-08 00:39:28.374202,OB5X_ETF,ask,35.2,8,7048871,37433596
2026-08-08 00:39:28.366402,OB5X_202703_F,bid,132.5,2,7048869,37433593
2026-08-08 00:39:31.593913,OB5X_ETF,bid,35.1,192,7048939,37433930
2026-08-08 00:39:31.598633,OB5X_202612_F,ask,131.3,48,7048940,37433932
2026-08-08 00:39:42.566222,OB5X_ETF,ask,35.2,192,7049130,37434955
2026-08-08 00:39:42.561343,OB5X_202706_F,bid,133.0,47,7049129,37434954
2026-08-08 00:39:43.450668,NVDA,ask,39.2,10,7049141,37435042
2026-08-08 00:39:43.456757,TSLA,ask,10.9,25,7049142,37435043
2026-08-08 00:39:43.462135,ASML,ask,51.900000000000006,10,7049143,37435044
2026-08-08 00:39:43.467603,SAP,ask,46.2,1,7049144,37435045
2026-08-08 00:39:43.472788,AAPL,ask,120.9,1,7049145,37435046
2026-08-08 00:39:43.477924,OB5X_202612_F,bid,131.0,11,7049146,37435048
2026-08-08 00:39:47.441951,OB5X_ETF,bid,35.0,192,7049210,37435401
2026-08-08 00:39:47.447137,OB5X_202706_F,ask,132.8,47,7049211,37435402
2026-08-08 00:39:50.570603,OB5X_ETF,ask,35.0,192,7049270,37435702
2026-08-08 00:39:50.565743,OB5X_202612_F,bid,130.70000000000002,48,7049269,37435701
2026-08-08 00:40:04.501878,NVDA,bid,39.2,10,7049536,37437023
2026-08-08 00:40:04.507375,TSLA,bid,10.9,5,7049537,37437024
2026-08-08 00:40:04.507375,TSLA,bid,10.9,20,7049538,37437024
2026-08-08 00:40:04.514083,ASML,bid,52.0,10,7049539,37437025
2026-08-08 00:40:04.519041,SAP,bid,46.400000000000006,1,7049540,37437026
2026-08-08 00:40:04.528345,AAPL,bid,121.10000000000001,1,7049542,37437028
2026-08-08 00:40:04.536788,OB5X_202703_F,ask,132.5,11,7049543,37437029
2026-08-08 00:40:06.453492,OB5X_ETF,bid,35.1,192,7049587,37437226
2026-08-08 00:40:06.458334,OB5X_202706_F,ask,133.4,47,7049588,37437228
2026-08-08 00:40:22.144735,OB5X_ETF,ask,35.2,184,7049850,37438616
2026-08-08 00:40:22.137726,OB5X_202703_F,bid,132.6,45,7049849,37438615
2026-08-08 00:40:22.219364,OB5X_ETF,ask,35.300000000000004,8,7049852,37438621
2026-08-08 00:40:22.212872,OB5X_202706_F,bid,133.6,2,7049851,37438620
2026-08-08 00:40:28.459291,OB5X_ETF,bid,35.1,192,7049968,37439188
2026-08-08 00:40:28.464092,OB5X_202703_F,ask,132.3,47,7049969,37439189
2026-08-08 00:40:33.390016,NVDA,ask,39.1,10,7050072,37439642
2026-08-08 00:40:33.394836,TSLA,ask,11.0,25,7050073,37439643
2026-08-08 00:40:33.399321,ASML,ask,51.900000000000006,10,7050074,37439644
2026-08-08 00:40:33.403750,SAP,ask,46.2,1,7050075,37439645
2026-08-08 00:40:33.408192,AAPL,ask,121.0,1,7050076,37439646
2026-08-08 00:40:33.412732,OB5X_202706_F,bid,133.20000000000002,11,7050077,37439647
2026-08-08 00:40:34.818552,OB5X_ETF,ask,35.2,192,7050105,37439768
2026-08-08 00:40:34.810540,OB5X_202706_F,bid,133.20000000000002,47,7050103,37439766
2026-08-08 00:40:47.568802,OB5X_ETF,bid,35.1,192,7050353,37440912
2026-08-08 00:40:47.573728,OB5X_202612_F,ask,131.5,48,7050354,37440914
2026-08-08 00:40:57.018599,OB5X_ETF,ask,35.300000000000004,192,7050510,37441739
2026-08-08 00:40:57.013033,OB5X_202703_F,bid,132.6,47,7050509,37441738
2026-08-08 00:41:16.466527,OB5X_ETF,bid,35.0,192,7050877,37443452
2026-08-08 00:41:16.474950,OB5X_202703_F,ask,132.20000000000002,47,7050878,37443454
2026-08-08 00:41:25.527169,OB5X_ETF,ask,35.2,192,7051061,37444289
2026-08-08 00:41:25.517128,OB5X_202612_F,bid,131.3,48,7051059,37444287
2026-08-08 00:41:28.733839,OB5X_ETF,bid,35.1,192,7051127,37444570
2026-08-08 00:41:28.741156,OB5X_202706_F,ask,133.5,47,7051128,37444571
2026-08-08 00:41:44.596903,OB5X_ETF,ask,35.300000000000004,192,7051430,37445977
2026-08-08 00:41:44.589927,OB5X_202612_F,bid,131.70000000000002,48,7051429,37445976
2026-08-08 00:41:47.566118,OB5X_ETF,bid,35.2,192,7051487,37446257
2026-08-08 00:41:47.574782,OB5X_202612_F,ask,131.8,48,7051489,37446259
2026-08-08 00:41:52.680901,NVDA,bid,39.6,10,7051597,37446705
2026-08-08 00:41:52.686593,TSLA,bid,11.0,25,7051598,37446706
2026-08-08 00:41:52.692175,ASML,bid,52.1,10,7051599,37446708
2026-08-08 00:41:52.697631,SAP,bid,46.300000000000004,1,7051600,37446709
2026-08-08 00:41:52.703942,AAPL,bid,121.10000000000001,1,7051601,37446710
2026-08-08 00:41:52.710103,OB5X_202612_F,ask,132.20000000000002,11,7051602,37446712
2026-08-08 00:42:23.239750,NVDA,ask,39.300000000000004,10,7052205,37449412
2026-08-08 00:42:23.244927,TSLA,ask,11.3,25,7052206,37449413
2026-08-08 00:42:23.250684,ASML,ask,52.0,10,7052207,37449414
2026-08-08 00:42:23.255949,SAP,ask,46.1,1,7052208,37449415
2026-08-08 00:42:23.260945,AAPL,ask,121.0,1,7052209,37449416
2026-08-08 00:42:23.266146,OB5X_202612_F,bid,131.9,11,7052210,37449417
2026-08-08 00:42:23.749326,NVDA,bid,39.5,10,7052221,37449474
2026-08-08 00:42:23.754376,TSLA,bid,11.0,25,7052222,37449475
2026-08-08 00:42:23.759015,ASML,bid,52.2,10,7052223,37449476
2026-08-08 00:42:23.763664,SAP,bid,46.300000000000004,1,7052224,37449477
2026-08-08 00:42:23.768330,AAPL,bid,121.2,1,7052225,37449478
2026-08-08 00:42:23.777522,OB5X_202706_F,ask,134.5,11,7052227,37449480
2026-08-08 00:43:47.309102,NVDA,ask,39.5,10,7053670,37456863
2026-08-08 00:43:47.314323,TSLA,ask,11.0,25,7053671,37456864
2026-08-08 00:43:47.318873,ASML,ask,52.0,10,7053672,37456865
2026-08-08 00:43:47.323463,SAP,ask,46.300000000000004,1,7053673,37456866
2026-08-08 00:43:47.328544,AAPL,ask,120.7,1,7053674,37456867
2026-08-08 00:43:47.333586,OB5X_202706_F,bid,133.70000000000002,11,7053675,37456869
2026-08-08 00:44:22.854293,NVDA,bid,39.300000000000004,10,7054236,37459960
2026-08-08 00:44:22.859689,TSLA,bid,10.8,25,7054237,37459962
2026-08-08 00:44:22.864488,ASML,bid,52.1,10,7054238,37459963
2026-08-08 00:44:22.871719,AAPL,bid,120.5,1,7054239,37459966
2026-08-08 00:44:22.877033,OB5X_202612_F,ask,131.5,11,7054240,37459968
2026-08-08 00:44:24.167330,NVDA,ask,39.5,10,7054264,37460117
2026-08-08 00:44:24.172323,TSLA,ask,11.100000000000001,25,7054265,37460118
2026-08-08 00:44:24.177120,ASML,ask,52.1,10,7054266,37460119
2026-08-08 00:44:24.183736,AAPL,ask,120.2,1,7054267,37460121
2026-08-08 00:44:24.188623,OB5X_202703_F,bid,132.9,11,7054268,37460123
2026-08-08 00:44:25.487364,NVDA,bid,39.400000000000006,10,7054303,37460237
2026-08-08 00:44:25.492045,TSLA,bid,10.8,25,7054304,37460238
2026-08-08 00:44:25.496605,ASML,bid,52.2,10,7054305,37460239
2026-08-08 00:44:25.501117,SAP,bid,46.2,1,7054306,37460240
2026-08-08 00:44:25.505583,AAPL,bid,120.5,1,7054307,37460242
2026-08-08 00:44:25.510138,OB5X_202612_F,ask,131.5,11,7054308,37460244
2026-08-08 00:44:26.034182,NVDA,ask,39.300000000000004,10,7054323,37460293
2026-08-08 00:44:26.044184,TSLA,ask,11.0,25,7054324,37460296
2026-08-08 00:44:26.049288,ASML,ask,52.1,10,7054325,37460298
2026-08-08 00:44:26.055765,SAP,ask,46.1,1,7054326,37460301
2026-08-08 00:44:26.060536,AAPL,ask,120.4,1,7054327,37460302
2026-08-08 00:44:26.065195,OB5X_202706_F,bid,133.0,11,7054328,37460303
2026-08-08 00:45:19.839712,OB5X_ETF,ask,35.4,192,7055352,37465034
2026-08-08 00:45:19.834200,OB5X_202612_F,bid,132.1,48,7055351,37465033
2026-08-08 00:45:27.825852,OB5X_ETF,bid,35.300000000000004,192,7055510,37465726
2026-08-08 00:45:27.831172,OB5X_202612_F,ask,132.0,48,7055511,37465728
2026-08-08 00:45:29.563505,OB5X_ETF,ask,35.4,192,7055559,37465911
2026-08-08 00:45:29.556331,OB5X_202612_F,bid,132.1,48,7055558,37465909
2026-08-08 00:45:32.211986,OB5X_ETF,bid,35.300000000000004,148,7055609,37466144
2026-08-08 00:45:32.216879,OB5X_202612_F,ask,132.0,37,7055610,37466145
2026-08-08 00:45:36.806231,OB5X_ETF,bid,35.300000000000004,44,7055702,37466584
2026-08-08 00:45:36.812552,OB5X_202612_F,ask,132.1,11,7055703,37466585
2026-08-08 00:46:48.561820,OB5X_ETF,ask,35.5,16,7056958,37472954
2026-08-08 00:46:48.556410,OB5X_202612_F,bid,132.6,4,7056957,37472953
2026-08-08 00:47:13.852780,OB5X_ETF,bid,35.300000000000004,16,7057415,37475233
2026-08-08 00:47:13.857852,OB5X_202612_F,ask,132.4,4,7057416,37475234
2026-08-08 00:47:38.667697,NVDA,bid,39.7,10,7057824,37477413
2026-08-08 00:47:38.672484,TSLA,bid,10.9,25,7057825,37477414
2026-08-08 00:47:38.680127,ASML,bid,53.1,10,7057827,37477417
2026-08-08 00:47:38.684794,SAP,bid,46.2,1,7057828,37477419
2026-08-08 00:47:38.689284,AAPL,bid,120.7,1,7057829,37477420
2026-08-08 00:47:38.695417,OB5X_202706_F,ask,134.8,11,7057830,37477422
2026-08-08 00:47:53.370748,NVDA,ask,39.6,10,7058100,37478721
2026-08-08 00:47:53.375740,TSLA,ask,11.0,25,7058101,37478722
2026-08-08 00:47:53.380759,ASML,ask,52.900000000000006,10,7058102,37478724
2026-08-08 00:47:53.385551,SAP,ask,46.300000000000004,1,7058103,37478725
2026-08-08 00:47:53.390173,AAPL,ask,120.5,1,7058104,37478726
2026-08-08 00:47:53.395068,OB5X_202706_F,bid,134.5,11,7058105,37478727
2026-08-08 00:48:34.021874,NVDA,bid,39.7,8,7058847,37482496
2026-08-08 00:48:34.027050,TSLA,bid,11.0,18,7058848,37482498
2026-08-08 00:48:34.032204,ASML,bid,52.7,7,7058849,37482499
2026-08-08 00:48:34.037548,SAP,bid,46.2,1,7058850,37482502
2026-08-08 00:48:34.044153,AAPL,bid,120.0,1,7058851,37482503
2026-08-08 00:48:34.049518,OB5X_202706_F,ask,134.6,8,7058852,37482505
2026-08-08 00:48:34.085588,NVDA,bid,39.7,3,7058853,37482508
2026-08-08 00:48:34.091175,TSLA,bid,11.0,7,7058854,37482510
2026-08-08 00:48:34.096072,ASML,bid,52.7,3,7058855,37482511
2026-08-08 00:48:34.100817,OB5X_202703_F,ask,133.6,3,7058856,37482512
2026-08-08 00:48:36.850655,NVDA,ask,39.7,10,7058901,37482770
2026-08-08 00:48:36.855466,TSLA,ask,11.100000000000001,25,7058902,37482771
2026-08-08 00:48:36.862000,ASML,ask,52.800000000000004,10,7058903,37482774
2026-08-08 00:48:36.874665,SAP,ask,46.300000000000004,1,7058906,37482777
2026-08-08 00:48:36.881454,OB5X_202706_F,bid,134.70000000000002,11,7058907,37482781
2026-08-08 00:48:44.513230,NVDA,bid,39.6,10,7059029,37483453
2026-08-08 00:48:44.518318,TSLA,bid,11.100000000000001,25,7059030,37483454
2026-08-08 00:48:44.523492,ASML,bid,52.800000000000004,10,7059031,37483455
2026-08-08 00:48:44.528322,SAP,bid,46.400000000000006,1,7059032,37483456
2026-08-08 00:48:44.533272,AAPL,bid,120.30000000000001,1,7059033,37483457
2026-08-08 00:48:44.540659,OB5X_202703_F,ask,133.9,11,7059034,37483461
2026-08-08 00:49:53.112168,NVDA,ask,39.5,10,7060228,37489569
2026-08-08 00:49:53.117115,TSLA,ask,11.3,25,7060229,37489570
2026-08-08 00:49:53.137548,SAP,ask,46.1,1,7060231,37489576
2026-08-08 00:49:53.142306,AAPL,ask,120.60000000000001,1,7060232,37489577
2026-08-08 00:49:53.147081,OB5X_202703_F,bid,133.9,11,7060233,37489578
2026-08-08 00:50:07.609516,NVDA,bid,39.7,10,7060485,37490913
2026-08-08 00:50:07.614233,TSLA,bid,11.200000000000001,25,7060486,37490914
2026-08-08 00:50:07.618616,ASML,bid,52.5,10,7060487,37490915
2026-08-08 00:50:07.623144,SAP,bid,46.2,1,7060488,37490916
2026-08-08 00:50:07.627704,AAPL,bid,121.0,1,7060489,37490918
2026-08-08 00:50:07.631950,OB5X_202612_F,ask,133.0,11,7060490,37490919
2026-08-08 00:50:19.011862,ASML_202612_075P,ask,51.7,45,7060702,37490960
2026-08-08 00:50:19.077117,ASML,ask,52.400000000000006,11,7060706,37491984
2026-08-08 00:50:21.054291,ASML,bid,52.7,4,7060738,37492153
2026-08-08 00:50:26.079454,OB5X_ETF,ask,35.6,192,7060827,37492613
2026-08-08 00:50:26.073221,OB5X_202706_F,bid,135.0,47,7060826,37492612
2026-08-08 00:50:29.861617,OB5X_ETF,bid,35.4,192,7060911,37492953
2026-08-08 00:50:29.875514,OB5X_202706_F,ask,134.5,47,7060913,37492955
2026-08-08 00:50:36.890227,OB5X_ETF,ask,35.6,16,7061041,37493589
2026-08-08 00:50:36.885585,OB5X_202612_F,bid,132.9,4,7061040,37493588
2026-08-08 00:50:39.318846,OB5X_ETF,bid,35.4,16,7061079,37493782
2026-08-08 00:50:39.323895,OB5X_202612_F,ask,132.5,4,7061080,37493783
2026-08-08 00:51:14.138328,OB5X_202612_F,bid,132.9,48,7061706,37496845
2026-08-08 00:51:14.484332,OB5X_202706_F,ask,134.6,54,7061717,37496875
2026-08-08 00:51:56.082832,NVDA,ask,39.5,13,7062459,37500639
2026-08-08 00:51:56.087701,TSLA,ask,11.200000000000001,31,7062460,37500641
2026-08-08 00:51:56.092469,ASML,ask,52.5,13,7062461,37500642
2026-08-08 00:51:56.097320,SAP,ask,46.300000000000004,2,7062462,37500643
2026-08-08 00:51:56.101933,AAPL,ask,121.2,2,7062463,37500644
2026-08-08 00:51:56.106565,OB5X_202612_F,bid,132.70000000000002,14,7062464,37500645
2026-08-08 00:53:09.805320,ASML_202612_050P,bid,30.6,45,7063730,37492008
2026-08-08 00:54:18.920462,NVDA,bid,39.400000000000006,13,7064934,37513063
2026-08-08 00:54:18.929111,TSLA,bid,11.200000000000001,31,7064935,37513067
2026-08-08 00:54:18.933945,ASML,bid,52.5,13,7064936,37513068
2026-08-08 00:54:18.939529,SAP,bid,46.300000000000004,2,7064937,37513069
2026-08-08 00:54:18.945257,AAPL,bid,120.9,2,7064938,37513070
2026-08-08 00:54:18.950460,OB5X_202706_F,ask,134.70000000000002,14,7064939,37513071
2026-08-08 00:54:30.950107,OB5X_ETF,ask,35.6,192,7065138,37514122
2026-08-08 00:54:30.943958,OB5X_202706_F,bid,135.0,47,7065137,37514120
2026-08-08 00:55:15.169305,NVDA,ask,39.6,13,7065892,37518039
2026-08-08 00:55:15.174414,TSLA,ask,11.200000000000001,31,7065893,37518040
2026-08-08 00:55:15.180593,ASML,ask,53.1,13,7065894,37518041
2026-08-08 00:55:15.186167,SAP,ask,46.2,2,7065895,37518044
2026-08-08 00:55:15.191123,AAPL,ask,120.7,2,7065896,37518046
2026-08-08 00:55:15.195863,OB5X_202706_F,bid,135.0,14,7065897,37518047
2026-08-08 00:55:47.170100,OB5X_ETF,bid,35.5,192,7066422,37521043
2026-08-08 00:55:47.182272,OB5X_202703_F,ask,133.9,47,7066423,37521045
2026-08-08 00:55:54.630892,NVDA,bid,39.7,13,7066570,37521799
2026-08-08 00:55:54.639341,TSLA,bid,11.0,31,7066571,37521800
2026-08-08 00:55:54.658076,SAP,bid,46.1,2,7066573,37521806
2026-08-08 00:55:54.667510,OB5X_202706_F,ask,135.0,14,7066574,37521810
2026-08-08 00:58:18.923597,OB5X_ETF,ask,35.6,192,7069097,37535738
2026-08-08 00:58:18.919038,OB5X_202703_F,bid,134.0,47,7069096,37535737
2026-08-08 00:59:06.440873,OB5X_ETF,bid,35.4,192,7069948,37540279
2026-08-08 00:59:06.445653,OB5X_202612_F,ask,132.8,48,7069949,37540280
2026-08-08 00:59:38.079039,OB5X_ETF,ask,35.6,192,7070474,37543228
2026-08-08 00:59:38.071100,OB5X_202612_F,bid,133.0,48,7070472,37543226
2026-08-08 00:59:43.905019,OB5X_ETF,bid,35.5,192,7070588,37543806
2026-08-08 00:59:43.911497,OB5X_202612_F,ask,133.0,48,7070589,37543807
2026-08-08 00:59:47.586585,OB5X_ETF,ask,35.6,192,7070675,37544131
2026-08-08 00:59:47.577609,OB5X_202706_F,bid,135.0,47,7070674,37544129
2026-08-08 00:59:56.419220,OB5X_ETF,bid,35.5,192,7070852,37544981
2026-08-08 00:59:56.424172,OB5X_202706_F,ask,134.9,47,7070853,37544982
2026-08-08 01:01:48.026310,OB5X_ETF,ask,35.5,192,7072767,37555221
2026-08-08 01:01:47.984092,OB5X_202706_F,bid,134.8,47,7072766,37555208
2026-08-08 01:01:50.322016,OB5X_ETF,bid,35.4,192,7072806,37555430
2026-08-08 01:01:50.327355,OB5X_202703_F,ask,133.70000000000002,47,7072807,37555431
2026-08-08 01:02:07.404402,OB5X_ETF,ask,35.4,192,7073110,37556973
2026-08-08 01:02:07.398757,OB5X_202703_F,bid,133.4,47,7073109,37556972
2026-08-08 01:02:41.813585,OB5X_ETF,bid,35.300000000000004,192,7073674,37559974
2026-08-08 01:02:41.818942,OB5X_202706_F,ask,134.70000000000002,47,7073675,37559975
2026-08-08 01:03:03.921336,OB5X_ETF,ask,35.5,192,7074053,37561960
2026-08-08 01:03:03.916613,OB5X_202706_F,bid,134.70000000000002,47,7074052,37561958
2026-08-08 01:03:28.444666,OB5X_ETF,bid,35.300000000000004,176,7074472,37564137
2026-08-08 01:03:28.449578,OB5X_202703_F,ask,133.20000000000002,43,7074473,37564138
2026-08-08 01:03:28.709319,OB5X_ETF,bid,35.300000000000004,4,7074483,37564172
2026-08-08 01:03:28.714969,OB5X_202703_F,ask,133.20000000000002,1,7074484,37564174
2026-08-08 01:03:35.658849,OB5X_ETF,ask,35.6,180,7074599,37564769
2026-08-08 01:03:35.650678,OB5X_202703_F,bid,133.1,44,7074598,37564768
2026-08-08 01:03:48.310861,OB5X_ETF,bid,35.2,192,7074804,37565881
2026-08-08 01:03:48.317106,OB5X_202703_F,ask,132.70000000000002,47,7074805,37565882
2026-08-08 01:03:51.535138,OB5X_ETF,ask,35.300000000000004,192,7074868,37566167
2026-08-08 01:03:51.526078,OB5X_202706_F,bid,133.9,47,7074866,37566164
2026-08-08 01:04:24.587703,OB5X_ETF,bid,35.2,192,7075464,37569176
2026-08-08 01:04:24.592943,OB5X_202706_F,ask,133.8,47,7075465,37569177
2026-08-08 01:05:04.319399,OB5X_ETF,ask,35.300000000000004,192,7076125,37572742
2026-08-08 01:05:04.314859,OB5X_202703_F,bid,132.8,47,7076124,37572741
2026-08-08 01:05:07.475743,OB5X_ETF,bid,35.2,192,7076196,37573080
2026-08-08 01:05:07.480284,OB5X_202703_F,ask,132.6,47,7076197,37573081
2026-08-08 01:05:13.753664,OB5X_ETF,ask,35.5,192,7076317,37573642
2026-08-08 01:05:13.748855,OB5X_202703_F,bid,133.20000000000002,47,7076316,37573641
2026-08-08 01:05:26.465248,OB5X_ETF,bid,35.300000000000004,192,7076541,37574797
2026-08-08 01:05:26.477602,OB5X_202706_F,ask,134.0,47,7076542,37574798
2026-08-08 01:07:03.854963,OB5X_ETF,ask,35.4,192,7078228,37583612
2026-08-08 01:07:03.849950,OB5X_202706_F,bid,134.20000000000002,47,7078227,37583611
2026-08-08 01:07:10.021015,OB5X_ETF,bid,35.300000000000004,192,7078323,37584152
2026-08-08 01:07:10.026512,OB5X_202706_F,ask,134.20000000000002,47,7078324,37584154
2026-08-08 01:08:49.055187,OB5X_ETF,ask,35.4,192,7080065,37592840
2026-08-08 01:08:49.050510,OB5X_202612_F,bid,132.4,48,7080064,37592839
2026-08-08 01:08:52.227237,OB5X_ETF,bid,35.300000000000004,192,7080120,37593109
2026-08-08 01:08:52.232160,OB5X_202703_F,ask,133.4,47,7080121,37593110
2026-08-08 01:09:46.046413,OB5X_ETF,ask,35.300000000000004,192,7081093,37598054
2026-08-08 01:09:46.040215,OB5X_202703_F,bid,132.8,47,7081092,37598053
2026-08-08 01:09:55.549202,OB5X_ETF,bid,35.1,192,7081247,37598933
2026-08-08 01:09:55.554323,OB5X_202612_F,ask,131.5,48,7081248,37598934
2026-08-08 01:10:05.037888,OB5X_ETF,ask,35.300000000000004,192,7081424,37599759
2026-08-08 01:10:05.031971,OB5X_202706_F,bid,133.9,47,7081423,37599758
2026-08-08 01:10:12.673782,OB5X_ETF,bid,35.1,48,7081557,37600471
2026-08-08 01:10:12.678911,OB5X_202703_F,ask,132.4,12,7081558,37600472
2026-08-08 01:10:14.624441,OB5X_ETF,bid,35.0,144,7081597,37600646
2026-08-08 01:10:14.629252,OB5X_202706_F,ask,133.3,35,7081598,37600648
2026-08-08 01:10:43.028377,OB5X_ETF,ask,35.2,192,7082090,37603245
2026-08-08 01:10:43.022943,OB5X_202703_F,bid,132.5,47,7082089,37603244
2026-08-08 01:10:47.835127,OB5X_ETF,bid,35.2,192,7082191,37603677
2026-08-08 01:10:47.839701,OB5X_202706_F,ask,133.8,47,7082192,37603678
2026-08-08 01:10:51.512769,OB5X_ETF,ask,35.300000000000004,192,7082266,37604030
2026-08-08 01:10:51.503671,OB5X_202612_F,bid,131.9,48,7082265,37604029
2026-08-08 01:11:02.088811,OB5X_ETF,bid,35.1,192,7082440,37604970
2026-08-08 01:11:02.094508,OB5X_202612_F,ask,131.6,48,7082441,37604971
2026-08-08 01:13:43.528060,OB5X_ETF,ask,35.2,192,7085295,37619920
2026-08-08 01:13:43.523065,OB5X_202612_F,bid,131.5,48,7085294,37619919
2026-08-08 01:14:08.874635,OB5X_ETF,bid,35.1,192,7085777,37622209
2026-08-08 01:14:08.879786,OB5X_202612_F,ask,131.4,48,7085778,37622210
2026-08-08 01:14:42.010483,OB5X_ETF,ask,35.1,192,7086404,37625169
2026-08-08 01:14:42.001669,OB5X_202706_F,bid,133.1,47,7086402,37625167
2026-08-08 01:15:34.408531,OB5X_ETF,bid,34.9,192,7087346,37629840
2026-08-08 01:15:34.417542,OB5X_202706_F,ask,132.5,47,7087347,37629842
2026-08-08 01:16:09.250179,OB5X_ETF,ask,35.0,192,7087933,37633002
2026-08-08 01:16:09.244419,OB5X_202612_F,bid,130.8,48,7087932,37633001
2026-08-08 01:16:14.458166,OB5X_ETF,bid,34.9,192,7088031,37633531
2026-08-08 01:16:14.463147,OB5X_202703_F,ask,131.70000000000002,47,7088032,37633534
2026-08-08 01:16:21.908332,OB5X_ETF,ask,35.1,192,7088144,37634221
2026-08-08 01:16:21.903215,OB5X_202706_F,bid,133.0,47,7088143,37634220
2026-08-08 01:16:50.467760,OB5X_ETF,bid,35.0,192,7088659,37636931
2026-08-08 01:16:50.472865,OB5X_202706_F,ask,132.9,47,7088660,37636932
2026-08-08 01:17:37.900223,OB5X_ETF,ask,34.9,192,7089547,37641489
2026-08-08 01:17:37.895235,OB5X_202703_F,bid,131.3,47,7089546,37641488
2026-08-08 01:17:41.150782,OB5X_ETF,bid,34.800000000000004,192,7089607,37641799
2026-08-08 01:17:41.156536,OB5X_202703_F,ask,131.3,47,7089608,37641800
2026-08-08 01:20:39.024278,OB5X_ETF,ask,35.0,192,7092732,37658953
2026-08-08 01:20:39.015438,OB5X_202703_F,bid,131.8,47,7092731,37658952
2026-08-08 01:20:44.791988,OB5X_ETF,bid,34.800000000000004,192,7092823,37659510
2026-08-08 01:20:44.796797,OB5X_202612_F,ask,130.70000000000002,48,7092824,37659512
2026-08-08 01:21:03.846916,OB5X_ETF,ask,35.0,192,7093169,37661380
2026-08-08 01:21:03.841879,OB5X_202612_F,bid,130.8,48,7093168,37661378
2026-08-08 01:21:35.451602,OB5X_ETF,bid,34.9,192,7093697,37664429
2026-08-08 01:21:35.456167,OB5X_202703_F,ask,131.5,47,7093698,37664430
2026-08-08 01:21:38.572193,OB5X_ETF,ask,35.0,192,7093757,37664750
2026-08-08 01:21:38.563970,OB5X_202703_F,bid,131.5,47,7093756,37664749
